,x6,m6,x5,m5,x4,m4,x3,m3,x2,m2,x1,m1
0,0.0,0.0,0.0,0.0,0.0,0.0,0.0,0.0,0.0,0.0,0.0,0.0
1,0.0024937655860349127,0.11284992186795854,0.0024937655860349127,0.13419571492299098,0.0024937655860349127,0.1561615497634331,0.0024937655860349127,0.19999999994324127,0.0024937655860349127,0.2000000000035647,0.0024937655860349127,0.20000000000134607
2,0.004987531172069825,0.11503016776373569,0.004987531172069825,0.1362263724824901,0.004987531172069825,0.15807753027134322,0.004987531172069825,0.19999999994438777,0.004987531172069825,0.20000000000376286,0.004987531172069825,0.2000000000014019
3,0.007481296758104738,0.11709750420605154,0.007481296758104738,0.13814967913609236,0.007481296758104738,0.15985578827763178,0.007481296758104738,0.19999999994553463,0.007481296758104738,0.2000000000039853,0.007481296758104738,0.20000000000146181
4,0.00997506234413965,0.11906731264873287,0.00997506234413965,0.1399768869708326,0.00997506234413965,0.16151097591296015,0.00997506234413965,0.19999999994668116,0.00997506234413965,0.20000000000423593,0.00997506234413965,0.20000000000152754
5,0.012468827930174564,0.12095148659118557,0.012468827930174564,0.14171768180066655,0.012468827930174564,0.1630560206756848,0.012468827930174564,0.19999999994782786,0.012468827930174564,0.20000000000452134,0.012468827930174564,0.20000000000159948
6,0.014962593516209476,0.12275963841785029,0.014962593516209476,0.14338047386804506,0.014962593516209476,0.16450233861981375,0.014962593516209476,0.19999999994897447,0.014962593516209476,0.20000000000484555,0.014962593516209476,0.20000000000167795
7,0.017456359102244388,0.12449978240677008,0.017456359102244388,0.1449726208387599,0.017456359102244388,0.16586002144942064,0.017456359102244388,0.1999999999501211,0.017456359102244388,0.2000000000052173,0.017456359102244388,0.20000000000176393
8,0.0199501246882793,0.1261787520709625,0.0199501246882793,0.14650060209937765,0.0199501246882793,0.16713800071709245,0.0199501246882793,0.19999999995126772,0.0199501246882793,0.20000000000564397,0.0199501246882793,0.20000000000185855
9,0.022443890274314215,0.12780247201569628,0.022443890274314215,0.14797015718095807,0.022443890274314215,0.1683441918010814,0.022443890274314215,0.19999999995241438,0.022443890274314215,0.20000000000613638,0.022443890274314215,0.20000000000196316
10,0.02493765586034913,0.12937614477807372,0.02493765586034913,0.14938639720751498,0.02493765586034913,0.16948561999490602,0.02493765586034913,0.1999999999535611,0.02493765586034913,0.2000000000067042,0.02493765586034913,0.2000000000020786
11,0.02743142144638404,0.13090438511769006,0.02743142144638404,0.15075389569802325,0.02743142144638404,0.17056853079112458,0.02743142144638404,0.19999999995470766,0.02743142144638404,0.20000000000735887,0.02743142144638404,0.2000000000022074
12,0.029925187032418952,0.1323913201982275,0.029925187032418952,0.15207676332123943,0.029925187032418952,0.17159848623206822,0.029925187032418952,0.19999999995585438,0.029925187032418952,0.20000000000811569,0.029925187032418952,0.20000000000234763
13,0.032418952618453865,0.13384066666040334,0.032418952618453865,0.15335871000951093,0.032418952618453865,0.17258044901349773,0.032418952618453865,0.19999999995700096,0.032418952618453865,0.20000000000898463,0.032418952618453865,0.20000000000250417
14,0.034912718204488775,0.13525579144212616,0.034912718204488775,0.15460309699640806,0.034912718204488775,0.17351885585395302,0.034912718204488775,0.19999999995814755,0.034912718204488775,0.20000000000997653,0.034912718204488775,0.20000000000268106
15,0.03740648379052369,0.1366397607896645,0.03740648379052369,0.1558129807380746,0.03740648379052369,0.1744176814803192,0.03740648379052369,0.19999999995929424,0.03740648379052369,0.20000000001110022,0.03740648379052369,0.20000000000287602
16,0.0399002493765586,0.13799538044373347,0.0399002493765586,0.15699115023558802,0.0399002493765586,0.17528049442876123,0.0399002493765586,0.1999999999604409,0.0399002493765586,0.20000000001235738,0.0399002493765586,0.20000000000309795
17,0.04239401496259351,0.13932522906881842,0.04239401496259351,0.15814015894671407,0.04239401496259351,0.17611050572016868,0.04239401496259351,0.19999999996158754,0.04239401496259351,0.20000000001374446,0.04239401496259351,0.20000000000334683
18,0.04488778054862843,0.14063168640089554,0.04488778054862843,0.15926235222766216,0.04488778054862843,0.17691061134118866,0.04488778054862843,0.19999999996273413,0.04488778054862843,0.20000000001524332,0.04488778054862843,0.20000000000362553
19,0.04738154613466334,0.14191695719282574,0.04738154613466334,0.16035989105638368,0.04738154613466334,0.17768342934604156,0.04738154613466334,0.19999999996388065,0.04738154613466334,0.20000000001682308,0.04738154613466334,0.20000000000394333
20,0.04987531172069826,0.14318309176516544,0.04987531172069826,0.1614347726431307,0.04987531172069826,0.1784313322903635,0.04987531172069826,0.19999999996502735,0.04987531172069826,0.20000000001842963,0.04987531172069826,0.20000000000430296
21,0.05236907730673317,0.14443200377919987,0.05236907730673317,0.16248884842031663,0.05236907730673317,0.17915647561598053,0.05236907730673317,0.199999999966174,0.05236907730673317,0.20000000001998994,0.05236907730673317,0.20000000000471882
22,0.05486284289276808,0.14566548571159996,0.05486284289276808,0.16352383981432658,0.05486284289276808,0.1798608225239296,0.05486284289276808,0.1999999999673207,0.05486284289276808,0.20000000002139365,0.05486284289276808,0.20000000000518886
23,0.057356608478802994,0.14688522240917956,0.057356608478802994,0.16454135213099738,0.057356608478802994,0.18054616580150507,0.057356608478802994,0.19999999996846746,0.057356608478802994,0.20000000002251261,0.057356608478802994,0.20000000000574128
24,0.059850374064837904,0.148092803026658,0.059850374064837904,0.1655428868297881,0.059850374064837904,0.18121414700655425,0.059850374064837904,0.19999999996961412,0.059850374064837904,0.2000000000231709,0.059850374064837904,0.20000000000637408
25,0.062344139650872814,0.14928973159277656,0.062344139650872814,0.166529852416014,0.062344139650872814,0.18186627335791675,0.062344139650872814,0.19999999997076057,0.062344139650872814,0.20000000002317347,0.062344139650872814,0.20000000000711585
26,0.06483790523690773,0.15047743640560807,0.06483790523690773,0.16750357414351116,0.06483790523690773,0.18250393263369166,0.06483790523690773,0.1999999999719074,0.06483790523690773,0.2000000000222931,0.06483790523690773,0.20000000000798052
27,0.06733167082294264,0.15165727842297827,0.06733167082294264,0.1684653026899118,0.06733167082294264,0.18312840633827027,0.06733167082294264,0.19999999997305398,0.06733167082294264,0.2000000000202801,0.06733167082294264,0.20000000000900797
28,0.06982543640897755,0.15283055878618898,0.06982543640897755,0.16941622194196346,0.06982543640897755,0.18374088136381736,0.06982543640897755,0.19999999997420054,0.06982543640897755,0.2000000000168891,0.06982543640897755,0.20000000001022245
29,0.07231920199501246,0.15399852559295796,0.07231920199501246,0.17035745600789454,0.07231920199501246,0.1843424603415474,0.07231920199501246,0.19999999997534715,0.07231920199501246,0.20000000001188226,0.07231920199501246,0.20000000001168633
30,0.07481296758104738,0.15516238001741214,0.07481296758104738,0.1712900755569166,0.07481296758104738,0.18493417085198352,0.07481296758104738,0.19999999997649395,0.07481296758104738,0.20000000000505755,0.07481296758104738,0.2000000000134576
31,0.0773067331670823,0.15632328186015318,0.0773067331670823,0.17221510357183845,0.0773067331670823,0.18551697364089673,0.0773067331670823,0.19999999997764042,0.0773067331670823,0.19999999999627194,0.0773067331670823,0.20000000001561738
32,0.0798004987531172,0.15748235459918905,0.0798004987531172,0.17313352058899617,0.0798004987531172,0.18609176996827026,0.0798004987531172,0.19999999997878712,0.0798004987531172,0.19999999998547188,0.0798004987531172,0.20000000001828633
33,0.08229426433915212,0.158640690002314,0.08229426433915212,0.17404626948978155,0.08229426433915212,0.18665940820100815,0.08229426433915212,0.19999999997993398,0.08229426433915212,0.19999999997272092,0.08229426433915212,0.2000000000216235
34,0.08478802992518703,0.15979935235297807,0.08478802992518703,0.17495425989969812,0.08478802992518703,0.18722068974578857,0.08478802992518703,0.1999999999810805,0.08478802992518703,0.19999999995821194,0.08478802992518703,0.20000000002584392
35,0.08728179551122195,0.16095938233444762,0.08728179551122195,0.1758583722438197,0.08728179551122195,0.18777637440620065,0.08728179551122195,0.199999999982227,0.08728179551122195,0.19999999994229944,0.08728179551122195,0.20000000003127089
36,0.08977556109725686,0.16212180061090156,0.08977556109725686,0.17675946150149915,0.08977556109725686,0.18832718523770695,0.08977556109725686,0.19999999998337376,0.08977556109725686,0.1999999999254967,0.08977556109725686,0.20000000003839005
37,0.09226932668329177,0.1632876111388284,0.09226932668329177,0.17765836069807597,0.09226932668329177,0.18887381296492783,0.09226932668329177,0.19999999998452042,0.09226932668329177,0.19999999990846398,0.09226932668329177,0.2000000000479239
38,0.09476309226932668,0.16445780423753698,0.09476309226932668,0.17855588416696153,0.09476309226932668,0.1894169200179122,0.09476309226932668,0.1999999999856671,0.09476309226932668,0.19999999989199996,0.09476309226932668,0.20000000006098015
39,0.09725685785536159,0.16563335944361804,0.09725685785536159,0.1794528306117224,0.09725685785536159,0.18995714423739818,0.09725685785536159,0.19999999998681336,0.09725685785536159,0.19999999987699885,0.09725685785536159,0.20000000007943652
40,0.09975062344139651,0.1668152481707296,0.09975062344139651,0.18034998599458804,0.09975062344139651,0.19049510229327588,0.09975062344139651,0.1999999999879599,0.09975062344139651,0.19999999986441133,0.09975062344139651,0.20000000010649369
41,0.10224438902743142,0.16800443619299346,0.10224438902743142,0.18124812627501874,0.10224438902743142,0.19103139285557913,0.10224438902743142,0.1999999999891068,0.10224438902743142,0.19999999985516148,0.10224438902743142,0.20000000014814082
42,0.10473815461346633,0.16920188596755892,0.10473815461346633,0.18214802001959765,0.10473815461346633,0.1915665995530816,0.10473815461346633,0.19999999999025334,0.10473815461346633,0.19999999985010225,0.10473815461346633,0.2000000002166961
43,0.10723192019950124,0.1704085588094094,0.10723192019950124,0.18305043090243175,0.10723192019950124,0.19210129375099763,0.10723192019950124,0.1999999999914,0.10723192019950124,0.19999999984992298,0.10723192019950124,0.20000000034190513
44,0.10972568578553615,0.17162541692924901,0.10972568578553615,0.18395612011346446,0.10972568578553615,0.19263603717620506,0.10972568578553615,0.1999999999925465,0.10972568578553615,0.1999999998551058,0.10972568578553615,0.2000000006071625
45,0.11221945137157106,0.17285342534322232,0.11221945137157106,0.18486584869053097,0.11221945137157106,0.19317138441583995,0.11221945137157106,0.19999999999369292,0.11221945137157106,0.19999999986585162,0.11221945137157106,0.20000000120226177
46,0.11471321695760599,0.1740935536613007,0.11471321695760599,0.18578037978964268,0.11471321695760599,0.19370788531290334,0.11471321695760599,0.1999999999948396,0.11471321695760599,0.1999999998820408,0.11471321695760599,0.20000000206399107
47,0.1172069825436409,0.17534677775933988,0.1172069825436409,0.18670048090678512,0.1172069825436409,0.194246087280745,0.1172069825436409,0.1999999999959862,0.1172069825436409,0.19999999990325398,0.1172069825436409,0.20000000105594187
48,0.11970074812967581,0.17661408133807124,0.11970074812967581,0.18762692606346618,0.11970074812967581,0.1947865375567672,0.11970074812967581,0.19999999999713286,0.11970074812967581,0.19999999992873357,0.11970074812967581,0.19999999392067114
49,0.12219451371571072,0.17789645737060372,0.12219451371571072,0.18856049796732974,0.12219451371571072,0.19532978541452237,0.12219451371571072,0.19999999999827975,0.12219451371571072,0.19999999995745288,0.12219451371571072,0.19999998506251182
50,0.12468827930174563,0.179194909438355,0.12468827930174563,0.18950199015830954,0.12468827930174563,0.19587638435243157,0.12468827930174563,0.1999999999994261,0.12468827930174563,0.19999999998817186,0.12468827930174563,0.19999999098986132
51,0.12718204488778054,0.18051045295368792,0.12718204488778054,0.190452209150051,0.12718204488778054,0.19642689427667268,0.12718204488778054,0.20000000000057302,0.12718204488778054,0.20000000001950854,0.12718204488778054,0.2000000092330383
52,0.12967581047381546,0.18184411626587854,0.12967581047381546,0.19141197657563574,0.12967581047381546,0.196981883695314,0.12967581047381546,0.20000000000171947,0.12967581047381546,0.2000000000500456,0.12967581047381546,0.2000000150204305
53,0.13216957605985036,0.18319694164536546,0.13216957605985036,0.1923821313459968,0.13216957605985036,0.19754193194051864,0.13216957605985036,0.2000000000028662,0.13216957605985036,0.20000000007840527,0.13216957605985036,0.2000000060401122
54,0.13466334164588528,0.1845699861395205,0.13466334164588528,0.19336353182879745,0.13466334164588528,0.19810763143558466,0.13466334164588528,0.20000000000401286,0.13466334164588528,0.200000000103363,0.13466334164588528,0.1999999988760162
55,0.1371571072319202,0.1859643222914157,0.1371571072319202,0.1943570580549253,0.1371571072319202,0.19867959002371893,0.1371571072319202,0.20000000000515936,0.1371571072319202,0.20000000012391883,0.1371571072319202,0.19999999788646408
56,0.1396508728179551,0.1873810387112205,0.1396508728179551,0.1953636139591583,0.1396508728179551,0.1992584333757656,0.1396508728179551,0.20000000000630608,0.1396508728179551,0.20000000013934777,0.1396508728179551,0.19999999876744468
57,0.14214463840399003,0.18882124048796609,0.14214463840399003,0.19638412966090196,0.14214463840399003,0.199844807494606,0.14214463840399003,0.2000000000074529,0.14214463840399003,0.20000000014924463,0.14214463840399003,0.1999999993732313
58,0.14463840399002492,0.19028604942740135,0.14463840399002492,0.19741956379023637,0.14463840399002492,0.20043938133464023,0.14463840399002492,0.20000000000859963,0.14463840399002492,0.20000000015354039,0.14463840399002492,0.19999999964411275
59,0.14713216957605985,0.1917766040995707,0.14713216957605985,0.19847090586374339,0.14713216957605985,0.2010428495556218,0.14713216957605985,0.20000000000974635,0.14713216957605985,0.20000000015246433,0.14713216957605985,0.19999999977266192
60,0.14962593516209477,0.19329405967753654,0.14962593516209477,0.19953917871379365,0.14962593516209477,0.20165593543117827,0.14962593516209477,0.20000000001089283,0.14962593516209477,0.20000000014652583,0.14962593516209477,0.19999999984340622
61,0.15211970074812967,0.19483958754634462,0.15211970074812967,0.2006254409739979,0.15211970074812967,0.20227939393360933,0.15211970074812967,0.2000000000120394,0.15211970074812967,0.2000000001364405,0.15211970074812967,0.19999999988658643
62,0.1546134663341646,0.19641437465889444,0.1546134663341646,0.201730789622499,0.1546134663341646,0.20291401501797354,0.1546134663341646,0.20000000001318616,0.1546134663341646,0.20000000012308494,0.1546134663341646,0.1999999999147829
63,0.15710723192019949,0.19801962261279957,0.15710723192019949,0.2028563625835102,0.15710723192019949,0.20356062713015396,0.15710723192019949,0.20000000001433282,0.15710723192019949,0.20000000010740498,0.15710723192019949,0.19999999993408513
64,0.1596009975062344,0.1996565464196453,0.1596009975062344,0.2040033413861119,0.1596009975062344,0.20422010096544485,0.1596009975062344,0.20000000001547963,0.1596009975062344,0.20000000009035357,0.1596009975062344,0.19999999994782006
65,0.16209476309226933,0.2013263729352259,0.16209476309226933,0.2051729538776211,0.16209476309226933,0.20489335350625462,0.16209476309226933,0.20000000001662635,0.16209476309226933,0.20000000007283508,0.16209476309226933,0.19999999995787449
66,0.16458852867830423,0.2030303389164136,0.16458852867830423,0.20636647698694652,0.16458852867830423,0.20558135236984204,0.16458852867830423,0.200000000017773,0.16458852867830423,0.20000000005564697,0.16458852867830423,0.19999999996543186
67,0.16708229426433915,0.20476968866726603,0.16708229426433915,0.2075852395310608,0.16708229426433915,0.20628512049949216,0.16708229426433915,0.2000000000189196,0.16708229426433915,0.20000000003944984,0.16708229426433915,0.19999999997122117
68,0.16957605985037405,0.20654567123383097,0.16957605985037405,0.20883062505512012,0.16957605985037405,0.2070057412352705,0.16957605985037405,0.2000000000200662,0.16957605985037405,0.20000000002475046,0.16957605985037405,0.19999999997573967
69,0.17206982543640897,0.20835953710387686,0.17206982543640897,0.21010407469370895,0.17206982543640897,0.2077443638034166,0.17206982543640897,0.20000000002121282,0.17206982543640897,0.20000000001188567,0.17206982543640897,0.19999999997933313
70,0.1745635910224439,0.21021253436448642,0.1745635910224439,0.21140709003717612,0.1745635910224439,0.20850220926655966,0.1745635910224439,0.2000000000223596,0.1745635910224439,0.2000000000010471,0.1745635910224439,0.19999999998221593
71,0.1770573566084788,0.2121059042671235,0.1770573566084788,0.21274123598295938,0.1770573566084788,0.2092805769801861,0.1770573566084788,0.20000000002350618,0.1770573566084788,0.19999999999227683,0.1770573566084788,0.1999999999845663
72,0.17955112219451372,0.21404087614645267,0.17955112219451372,0.2141081435471409,0.17955112219451372,0.2100808516041611,0.17955112219451372,0.2000000000246527,0.17955112219451372,0.199999999985514,0.17955112219451372,0.19999999998649765
73,0.18204488778054861,0.21601866163591246,0.18204488778054861,0.21550951260610973,0.18204488778054861,0.2109045107214897,0.18204488778054861,0.20000000002579957,0.18204488778054861,0.19999999998060491,0.18204488778054861,0.19999999998810858
74,0.18453865336658354,0.21804044811983792,0.18453865336658354,0.21694711453214705,0.18453865336658354,0.2117531331197963,0.18453865336658354,0.2000000000269461,0.18453865336658354,0.19999999997733706,0.18453865336658354,0.19999999998945586
75,0.18703241895261846,0.22010739135889995,0.18703241895261846,0.21842279467982278,0.18703241895261846,0.21262840779408604,0.18703241895261846,0.2000000000280928,0.18703241895261846,0.19999999997546197,0.18703241895261846,0.19999999999058535
76,0.18952618453865336,0.22222060722279963,0.18952618453865336,0.2199384746723172,0.18952618453865336,0.2135321437319681,0.18952618453865336,0.20000000002923934,0.18952618453865336,0.19999999997472662,0.18952618453865336,0.1999999999915543
77,0.19201995012468828,0.22438116246165102,0.19201995012468828,0.2214961544280702,0.19201995012468828,0.21446628054446712,0.19201995012468828,0.20000000003038595,0.19201995012468828,0.19999999997487553,0.19201995012468828,0.19999999999238902
78,0.19451371571072318,0.22659006444537236,0.19451371571072318,0.2230979138584611,0.19451371571072318,0.2154329000063683,0.19451371571072318,0.20000000003153273,0.19451371571072318,0.19999999997568052,0.19451371571072318,0.19999999999310006
79,0.1970074812967581,0.22884824979880705,0.1970074812967581,0.22474591415652637,0.1970074812967581,0.21643423856932892,0.1970074812967581,0.20000000003267926,0.1970074812967581,0.1999999999769368,0.1970074812967581,0.19999999999372167
80,0.19950124688279303,0.23115657185933444,0.19950124688279303,0.22644239858504744,0.19950124688279303,0.21747270090804915,0.19950124688279303,0.20000000003382606,0.19950124688279303,0.19999999997847173,0.19950124688279303,0.19999999999426246
81,0.20199501246882792,0.23351578688354727,0.20199501246882792,0.22818969265970893,0.20199501246882792,0.2185508745538036,0.20199501246882792,0.20000000003497262,0.20199501246882792,0.19999999998015394,0.20199501246882792,0.19999999999473964
82,0.20448877805486285,0.2359265389303298,0.20448877805486285,0.22999020360955894,0.20448877805486285,0.2196715456595409,0.20448877805486285,0.20000000003611934,0.20448877805486285,0.19999999998187207,0.20448877805486285,0.199999999995156
83,0.20698254364089774,0.23838934334953943,0.20698254364089774,0.23184641898286645,0.20698254364089774,0.22083771592510254,0.20698254364089774,0.2000000000372658,0.20698254364089774,0.19999999998355225,0.20698254364089774,0.19999999999552395
84,0.20947630922693267,0.24090456880869687,0.20947630922693267,0.23376090425192245,0.20947630922693267,0.2220526206882187,0.20947630922693267,0.2000000000384125,0.20947630922693267,0.19999999998514312,0.20947630922693267,0.199999999995852
85,0.21197007481296756,0.2434724177948062,0.21197007481296756,0.23573629925572606,0.21197007481296756,0.22331974815447408,0.21197007481296756,0.20000000003955912,0.21197007481296756,0.1999999999866115,0.21197007481296756,0.19999999999614376
86,0.2144638403990025,0.24609290553493263,0.2144638403990025,0.237775313305359,0.2144638403990025,0.22464285969467834,0.2144638403990025,0.2000000000407059,0.2144638403990025,0.19999999998794268,0.2144638403990025,0.19999999999640505
87,0.2169576059850374,0.24876583728770404,0.2169576059850374,0.23988071876380285,0.2169576059850374,0.22602601107747297,0.2169576059850374,0.2000000000418525,0.2169576059850374,0.19999999998913667,0.2169576059850374,0.19999999999664028
88,0.2194513715710723,0.2514907839687352,0.2194513715710723,0.2420553429008599,0.2194513715710723,0.2274735744243884,0.2194513715710723,0.20000000004299906,0.2194513715710723,0.19999999999018664,0.2194513715710723,0.1999999999968528
89,0.22194513715710723,0.2542670560863933,0.22194513715710723,0.24430205781570455,0.22194513715710723,0.2289902605687437,0.22194513715710723,0.20000000004414567,0.22194513715710723,0.19999999999110843,0.22194513715710723,0.19999999999704227
90,0.22443890274314213,0.25709367598059685,0.22443890274314213,0.24662376821572699,0.22443890274314213,0.2305811413627444,0.22443890274314213,0.20000000004529223,0.22443890274314213,0.19999999999191623,0.22443890274314213,0.1999999999972159
91,0.22693266832917705,0.25996934837671903,0.22693266832917705,0.24902339684221736,0.22693266832917705,0.23225167130199015,0.22693266832917705,0.20000000004643895,0.22693266832917705,0.19999999999261614,0.22693266832917705,0.19999999999737159
92,0.22942643391521197,0.26289242928934803,0.22942643391521197,0.25150386734281605,0.22942643391521197,0.23400770761556108,0.22942643391521197,0.2000000000475857,0.22942643391521197,0.19999999999322618,0.22942643391521197,0.19999999999751542
93,0.23192019950124687,0.2658608933367383,0.23192019950124687,0.2540680844096214,0.23192019950124687,0.23585552769510323,0.23192019950124687,0.20000000004873236,0.23192019950124687,0.1999999999937543,0.23192019950124687,0.1999999999976442
94,0.2344139650872818,0.2688722995562034,0.2344139650872818,0.25671891103252154,0.2344139650872818,0.2378018424000728,0.2344139650872818,0.2000000000498788,0.2344139650872818,0.19999999999421544,0.2344139650872818,0.1999999999977639
95,0.2369077306733167,0.2719237558431182,0.2369077306733167,0.25945914276229715,0.2369077306733167,0.2398538033729436,0.2369077306733167,0.20000000005102558,0.2369077306733167,0.19999999999461887,0.2369077306733167,0.19999999999787405
96,0.23940149625935161,0.27501188217092637,0.23940149625935161,0.2622914789399052,0.23940149625935161,0.24201900202551654,0.23940149625935161,0.20000000005217228,0.23940149625935161,0.19999999999497461,0.23940149625935161,0.19999999999797313
97,0.24189526184538654,0.27813277278523424,0.24189526184538654,0.26521849093010597,0.24189526184538654,0.24430545732084685,0.24189526184538654,0.20000000005331903,0.24189526184538654,0.1999999999952854,0.24189526184538654,0.19999999999806473
98,0.24438902743142144,0.28128195759974567,0.24438902743142144,0.2682425875024734,0.24438902743142144,0.24672158889156168,0.24438902743142144,0.20000000005446542,0.24438902743142144,0.19999999999556264,0.24438902743142144,0.19999999999815113
99,0.24688279301745636,0.2844543630525029,0.24688279301745636,0.2713659776349831,0.24688279301745636,0.24927617143994696,0.24688279301745636,0.20000000005561208,0.24688279301745636,0.19999999999580897,0.24688279301745636,0.19999999999822882
100,0.24937655860349126,0.28764427270429405,0.24937655860349126,0.2745906311805979,0.24937655860349126,0.25197826582112454,0.24937655860349126,0.20000000005675883,0.24937655860349126,0.1999999999960275,0.24937655860349126,0.1999999999983018
101,0.25187032418952615,0.2953754287924701,0.25187032418952615,0.30679697549275203,0.25187032418952615,0.32940957073699734,0.25187032418952615,0.3999999999081622,0.25187032418952615,0.40000000000598845,0.25187032418952615,0.4000000000023725
102,0.2543640897755611,0.2975264039440585,0.2543640897755611,0.30934930588574144,0.2543640897755611,0.332426505381941,0.2543640897755611,0.3999999999100177,0.2543640897755611,0.4000000000063209,0.2543640897755611,0.4000000000024709
103,0.256857855361596,0.2996517646715214,0.256857855361596,0.3118446848295159,0.256857855361596,0.33527589357620674,0.256857855361596,0.399999999911873,0.256857855361596,0.4000000000066935,0.256857855361596,0.40000000000257735
104,0.2593516209476309,0.301753424875357,0.2593516209476309,0.3142855213152846,0.2593516209476309,0.33797030848533643,0.2593516209476309,0.39999999991372814,0.2593516209476309,0.400000000007112,0.2593516209476309,0.4000000000026934
105,0.26184538653366585,0.3038330955705557,0.26184538653366585,0.3166740321043247,0.26184538653366585,0.34052153888980713,0.26184538653366585,0.3999999999155836,0.26184538653366585,0.40000000000758923,0.26184538653366585,0.40000000000282043
106,0.2643391521197007,0.30589234325827114,0.2643391521197007,0.31901228898349354,0.2643391521197007,0.3429405774479844,0.2643391521197007,0.39999999991743895,0.2643391521197007,0.4000000000081282,0.2643391521197007,0.4000000000029572
107,0.26683291770573564,0.30793262379796327,0.26683291770573564,0.3213022522003401,0.26683291770573564,0.34523762946229763,0.26683291770573564,0.39999999991929425,0.26683291770573564,0.4000000000087467,0.26683291770573564,0.4000000000031094
108,0.26932668329177056,0.3099553035429201,0.26932668329177056,0.32354579421611407,0.26932668329177056,0.3474221365466566,0.26932668329177056,0.3999999999211499,0.26932668329177056,0.40000000000945507,0.26932668329177056,0.4000000000032745
109,0.2718204488778055,0.31196167336137104,0.2718204488778055,0.32574471658403525,0.2718204488778055,0.3495028105398287,0.2718204488778055,0.399999999923005,0.2718204488778055,0.40000000001027186,0.2718204488778055,0.4000000000034565
110,0.2743142144638404,0.3139529584431787,0.2743142144638404,0.3279007619051003,0.2743142144638404,0.3514876739459807,0.2743142144638404,0.39999999992486024,0.2743142144638404,0.40000000001121117,0.2743142144638404,0.40000000000365693
111,0.2768079800498753,0.3159303254845991,0.2768079800498753,0.330015622246024,0.2768079800498753,0.3533841040278116,0.2768079800498753,0.39999999992671564,0.2768079800498753,0.40000000001229435,0.2768079800498753,0.4000000000038795
112,0.2793017456359102,0.3178948881726035,0.2793017456359102,0.33209094501630887,0.2793017456359102,0.35519887839733266,0.2793017456359102,0.39999999992857077,0.2793017456359102,0.40000000001354485,0.2793017456359102,0.4000000000041223
113,0.2817955112219451,0.3198477115259785,0.2817955112219451,0.3341283370301573,0.2817955112219451,0.35693822053885776,0.2817955112219451,0.39999999993042595,0.2817955112219451,0.40000000001497865,0.2817955112219451,0.4000000000043896
114,0.28428927680798005,0.3217898154429426,0.28428927680798005,0.3361293672852392,0.28428927680798005,0.3586078441676428,0.28428927680798005,0.3999999999322815,0.28428927680798005,0.4000000000166169,0.28428927680798005,0.40000000000469554
115,0.286783042394015,0.3237221776818226,0.286783042394015,0.338095568849618,0.286783042394015,0.36021299569118803,0.286783042394015,0.39999999993413665,0.286783042394015,0.40000000001846825,0.286783042394015,0.4000000000050297
116,0.28927680798004984,0.3256457364254797,0.28927680798004984,0.34002844014467254,0.28927680798004984,0.36175849431603285,0.28927680798004984,0.3999999999359919,0.28927680798004984,0.4000000000205413,0.28927680798004984,0.40000000000541125
117,0.29177057356608477,0.32756139253197725,0.29177057356608477,0.34192944583497054,0.29177057356608477,0.36324876954758434,0.29177057356608477,0.3999999999378474,0.29177057356608477,0.4000000000228296,0.29177057356608477,0.4000000000058347
118,0.2942643391521197,0.32947001154251676,0.2942643391521197,0.34380001747860844,0.2942643391521197,0.36468789597903206,0.2942643391521197,0.39999999993970264,0.2942643391521197,0.40000000002530217,0.2942643391521197,0.40000000000630903
119,0.2967581047381546,0.33137242549662305,0.2967581047381546,0.34564155404839253,0.2967581047381546,0.3660796253704059,0.2967581047381546,0.39999999994155777,0.2967581047381546,0.40000000002791075,0.2967581047381546,0.40000000000685065
120,0.29925187032418954,0.3332694345901864,0.29925187032418954,0.3474554224019253,0.29925187032418954,0.36742741609052565,0.29925187032418954,0.39999999994341323,0.29925187032418954,0.40000000003056924,0.29925187032418954,0.40000000000745944
121,0.3017456359102244,0.33516180870201856,0.3017456359102244,0.34924295775434694,0.3017456359102244,0.3687344600415911,0.3017456359102244,0.3999999999452687,0.3017456359102244,0.40000000003315855,0.3017456359102244,0.4000000000081641
122,0.30423940149625933,0.33705028880750654,0.30423940149625933,0.35100546418941897,0.30423940149625933,0.37000370721465103,0.30423940149625933,0.39999999994712376,0.30423940149625933,0.4000000000354973,0.30423940149625933,0.40000000000895786
123,0.30673316708229426,0.33893558829297965,0.30673316708229426,0.35274421523123356,0.30673316708229426,0.37123788803947894,0.30673316708229426,0.3999999999489792,0.30673316708229426,0.40000000003738145,0.30673316708229426,0.4000000000098909
124,0.3092269326683292,0.34081839418073095,0.3092269326683292,0.35446045448901636,0.3092269326683292,0.3724395336981896,0.3092269326683292,0.3999999999508348,0.3092269326683292,0.40000000003852315,0.3092269326683292,0.40000000001095526
125,0.3117206982543641,0.3426993682720496,0.3117206982543641,0.35615539638039295,0.3117206982543641,0.37361099457122765,0.3117206982543641,0.3999999999526898,0.3117206982543641,0.40000000003860303,0.3117206982543641,0.4000000000122022
126,0.31421446384039897,0.3445791482136568,0.31421446384039897,0.3578302269335457,0.31421446384039897,0.37475445697922327,0.31421446384039897,0.39999999995454516,0.31421446384039897,0.4000000000372548,0.31421446384039897,0.40000000001364966
127,0.3167082294264339,0.34645834849153484,0.3167082294264339,0.359486104665211,0.3167082294264339,0.3758719583763608,0.3167082294264339,0.3999999999564003,0.3167082294264339,0.40000000003407,0.3167082294264339,0.40000000001537017
128,0.3192019950124688,0.34833756135508925,0.3192019950124688,0.36112416152928056,0.3192019950124688,0.3769654011413486,0.3192019950124688,0.39999999995825564,0.3192019950124688,0.40000000002864566,0.3192019950124688,0.4000000000174012
129,0.32169576059850374,0.3502173576738009,0.32169576059850374,0.36274550392940996,0.32169576059850374,0.3780365651017032,0.32169576059850374,0.3999999999601111,0.32169576059850374,0.40000000002059477,0.32169576059850374,0.400000000019841
130,0.32418952618453867,0.3520982877279588,0.32418952618453867,0.36435121378834856,0.32418952618453867,0.37908711891651375,0.32418952618453867,0.3999999999619662,0.32418952618453867,0.4000000000095808,0.32418952618453867,0.4000000000227909
131,0.32668329177057354,0.35398088193462945,0.32668329177057354,0.3659423496664626,0.32668329177057354,0.3801186304323556,0.32668329177057354,0.39999999996382124,0.32668329177057354,0.3999999999953729,0.32668329177057354,0.4000000000263833
132,0.32917705735660846,0.35586565150971117,0.32917705735660846,0.3675199479220717,0.32917705735660846,0.3811325761169698,0.32917705735660846,0.39999999996567687,0.32917705735660846,0.3999999999778736,0.32917705735660846,0.400000000030811
133,0.3316708229426434,0.35775308906669134,0.3316708229426434,0.36908502390649145,0.3316708229426434,0.3821303496658754,0.3316708229426434,0.39999999996753244,0.3316708229426434,0.39999999995717955,0.3316708229426434,0.40000000003634556
134,0.3341645885286783,0.35964366915254825,0.3341645885286783,0.3706385731872144,0.3341645885286783,0.3831132698681974,0.3341645885286783,0.3999999999693875,0.3341645885286783,0.3999999999335947,0.3341645885286783,0.40000000004332836
135,0.33665835411471323,0.3615378487211479,0.33665835411471323,0.37218157279317854,0.33665835411471323,0.3840825878099027,0.33665835411471323,0.3999999999712428,0.33665835411471323,0.3999999999076913,0.33665835411471323,0.4000000000522945
136,0.3391521197007481,0.36343606754436764,0.3391521197007481,0.3737149824767089,0.3391521197007481,0.3850394934851581,0.3391521197007481,0.3999999999730982,0.3391521197007481,0.3999999998802968,0.3391521197007481,0.40000000006404113
137,0.341645885286783,0.36533874856117377,0.341645885286783,0.3752397459872953,0.341645885286783,0.3859851218798412,0.341645885286783,0.3999999999749536,0.341645885286783,0.39999999985247375,0.341645885286783,0.4000000000797479
138,0.34413965087281795,0.3672462981648122,0.34413965087281795,0.37675679235300347,0.34413965087281795,0.3869205585850873,0.34413965087281795,0.39999999997680874,0.34413965087281795,0.39999999982551854,0.34413965087281795,0.4000000001012259
139,0.34663341645885287,0.3691591064283116,0.34663341645885287,0.378267037165845,0.34663341645885287,0.38784684499336836,0.34663341645885287,0.3999999999786636,0.34663341645885287,0.39999999980087675,0.34663341645885287,0.4000000001315397
140,0.3491271820448878,0.3710775472684717,0.3491271820448878,0.3797713838679742,0.3491271820448878,0.38876498312467656,0.3491271820448878,0.39999999998051866,0.3491271820448878,0.39999999978009676,0.3491271820448878,0.4000000001759143
141,0.35162094763092266,0.3730019785485775,0.35162094763092266,0.38127072503602244,0.35162094763092266,0.3896759401261201,0.35162094763092266,0.3999999999823745,0.35162094763092266,0.39999999976468065,0.35162094763092266,0.40000000024411464
142,0.3541147132169576,0.37493274212011596,0.3541147132169576,0.38276594366132416,0.3541147132169576,0.3905806524843175,0.3541147132169576,0.39999999998422936,0.3541147132169576,0.39999999975602213,0.3541147132169576,0.4000000003561976
143,0.3566084788029925,0.37687016380383215,0.3566084788029925,0.38425791442409746,0.3566084788029925,0.39148002998672793,0.3566084788029925,0.399999999986085,0.3566084788029925,0.3999999997552519,0.3566084788029925,0.4000000005605623
144,0.35910224438902744,0.3788145533105803,0.35910224438902744,0.38574750495998406,0.35910224438902744,0.39237495946497475,0.35910224438902744,0.39999999998793956,0.35910224438902744,0.3999999997631622,0.35910224438902744,0.4000000009927603
145,0.36159600997506236,0.3807662041024968,0.36159600997506236,0.38723557711751344,0.36159600997506236,0.39326630835077586,0.36159600997506236,0.3999999999897945,0.36159600997506236,0.3999999997801015,0.36159600997506236,0.4000000019613569
146,0.36408977556109723,0.38272539319519144,0.36408977556109723,0.3887229882053145,0.36408977556109723,0.3941549280727643,0.36408977556109723,0.39999999999165,0.36408977556109723,0.3999999998058876,0.36408977556109723,0.4000000033659574
147,0.36658354114713215,0.38469238090178215,0.36658354114713215,0.3902105922279068,0.36658354114713215,0.3950416573207002,0.36658354114713215,0.3999999999935053,0.36658354114713215,0.3999999998398651,0.36658354114713215,0.4000000017447578
148,0.3690773067331671,0.3866674105198079,0.3690773067331671,0.3916992411090247,0.3690773067331671,0.3959273252019064,0.3690773067331671,0.3999999999953609,0.3690773067331671,0.39999999988081886,0.3690773067331671,0.3999999901839954
149,0.371571072319202,0.3886507079622575,0.371571072319202,0.3931897859013768,0.371571072319202,0.3968127543134987,0.371571072319202,0.399999999997216,0.371571072319202,0.39999999992710183,0.371571072319202,0.3999999757853449
150,0.3740648379052369,0.3906424813342057,0.3740648379052369,0.39468307798165075,0.3740648379052369,0.3976987637528872,0.3740648379052369,0.399999999999071,0.3740648379052369,0.3999999999767147,0.3740648379052369,0.399999985300813
151,0.3765586034912718,0.3926429204568512,0.3765586034912718,0.39617997022946894,0.3765586034912718,0.398586172088252,0.3765586034912718,0.4000000000009266,0.3765586034912718,0.4000000000274272,0.3765586034912718,0.40000001481935804
152,0.3790523690773067,0.3946521963410602,0.3790523690773067,0.39768131818873803,0.3790523690773067,0.39947580031012636,0.3790523690773067,0.4000000000027819,0.3790523690773067,0.40000000007694375,0.3790523690773067,0.4000000242593792
153,0.38154613466334164,0.3966704606129168,0.38154613466334164,0.39918798120959514,0.38154613466334164,0.4003684747847875,0.38154613466334164,0.40000000000463704,0.38154613466334164,0.40000000012303355,0.38154613466334164,0.400000009794857
154,0.38403990024937656,0.39869784489419063,0.38403990024937656,0.4007008235687675,0.38403990024937656,0.4012650302301435,0.38403990024937656,0.40000000000649255,0.38403990024937656,0.4000000001637025,0.38403990024937656,0.39999999821853477
155,0.3865336658354115,0.40073446014110653,0.3865336658354115,0.4022207155657444,0.3865336658354115,0.40216631273472736,0.3865336658354115,0.40000000000834773,0.3865336658354115,0.40000000019732357,0.3865336658354115,0.39999999660729907
156,0.38902743142144636,0.40278039594535137,0.38902743142144636,0.4037485345916335,0.38902743142144636,0.4030731828408237,0.38902743142144636,0.4000000000102031,0.38902743142144636,0.4000000002227051,0.38902743142144636,0.3999999980222967
157,0.3915211970074813,0.4048357198018133,0.3915211970074813,0.40528516616694826,0.3915211970074813,0.4039865187131054,0.3915211970074813,0.40000000001205893,0.3915211970074813,0.4000000002391794,0.3915211970074813,0.3999999989966677
158,0.3940149625935162,0.4069004763482213,0.3940149625935162,0.4068315049439045,0.3940149625935162,0.4049072194149693,0.3940149625935162,0.4000000000139144,0.3940149625935162,0.4000000002466111,0.3940149625935162,0.3999999994318902
159,0.39650872817955113,0.4089746865825497,0.39650872817955113,0.4083884556679255,0.39650872817955113,0.4058362083155394,0.39650872817955113,0.4000000000157698,0.39650872817955113,0.4000000002453589,0.39650872817955113,0.3999999996380644
160,0.39900249376558605,0.41105834706484484,0.39900249376558605,0.409956934092184,0.39900249376558605,0.40677443665153756,0.39900249376558605,0.4000000000176251,0.39900249376558605,0.40000000023622617,0.39900249376558605,0.3999999997513292
161,0.4014962593516209,0.41315142911094926,0.4014962593516209,0.41153786783788704,0.4014962593516209,0.4077228872694824,0.4014962593516209,0.40000000001948016,0.4014962593516209,0.40000000022036036,0.4014962593516209,0.39999999982035156
162,0.40399002493765584,0.4152538779865315,0.40399002493765584,0.41313219719185595,0.40399002493765584,0.4086825785752655,0.40399002493765584,0.4000000000213352,0.40399002493765584,0.4000000001991656,0.40399002493765584,0.39999999986535095
163,0.40648379052369077,0.4173656121107865,0.40648379052369077,0.41474087583157054,0.40648379052369077,0.4096545687199902,0.40648379052369077,0.4000000000231908,0.40648379052369077,0.4000000001741617,0.40648379052369077,0.39999999989610835
164,0.4089775561097257,0.41948652228020006,0.4089775561097257,0.4163648714663412,0.4089775561097257,0.41063996005296843,0.4089775561097257,0.4000000000250468,0.4089775561097257,0.40000000014688647,0.4089775561097257,0.39999999991795854
165,0.41147132169576056,0.4216164709238623,0.41147132169576056,0.418005166381563,0.41147132169576056,0.41163990387510524,0.41147132169576056,0.400000000026902,0.41147132169576056,0.40000000011880077,0.41147132169576056,0.3999999999339318
166,0.4139650872817955,0.42375529140295193,0.4139650872817955,0.4196627578711391,0.4139650872817955,0.41265560552843494,0.4139650872817955,0.4000000000287574,0.4139650872817955,0.40000000009119613,0.4139650872817955,0.3999999999459203
167,0.4164588528678304,0.42590278736817755,0.4164588528678304,0.42133865854105557,0.4164588528678304,0.41368832986041226,0.4164588528678304,0.40000000003061253,0.4164588528678304,0.4000000000651388,0.4164588528678304,0.3999999999550876
168,0.41895261845386533,0.4280587321901811,0.41895261845386533,0.4230338964647808,0.41895261845386533,0.41473940710461776,0.41895261845386533,0.40000000003246794,0.41895261845386533,0.400000000041456,0.41895261845386533,0.39999999996223096
169,0.42144638403990026,0.4302228684791046,0.42144638403990026,0.42474951516865767,0.42144638403990026,0.415810239222834,0.42144638403990026,0.4000000000343233,0.42144638403990026,0.40000000002069785,0.42144638403990026,0.3999999999679015
170,0.4239401496259351,0.43239490771073985,0.4239401496259351,0.42648657342265944,0.4239401496259351,0.4169023067570104,0.4239401496259351,0.40000000003617864,0.4239401496259351,0.4000000000031816,0.4239401496259351,0.39999999997244556
171,0.42643391521197005,0.4345745299778711,0.42643391521197005,0.4282461448089119,0.42643391521197005,0.4180171762432896,0.42643391521197005,0.4000000000380339,0.42643391521197005,0.39999999998897734,0.42643391521197005,0.3999999999761434
172,0.428927680798005,0.43676138388652713,0.428927680798005,0.43002931703717306,0.428927680798005,0.419156508244129,0.428927680798005,0.4000000000398891,0.428927680798005,0.399999999977999,0.428927680798005,0.3999999999791773
173,0.4314214463840399,0.43895508661793653,0.4314214463840399,0.43183719097297724,0.4314214463840399,0.4203220660583661,0.4314214463840399,0.4000000000417443,0.4314214463840399,0.39999999997000274,0.4314214463840399,0.3999999999817021
174,0.4339152119700748,0.44115522417787184,0.4339152119700748,0.4336708793405666,0.4339152119700748,0.4215157251728162,0.4339152119700748,0.40000000004359965,0.4339152119700748,0.39999999996464447,0.4339152119700748,0.3999999999838121
175,0.4364089775561097,0.44336135185586517,0.4364089775561097,0.4355315050589243,0.4364089775561097,0.4227394835224724,0.4364089775561097,0.40000000004545505,0.4364089775561097,0.39999999996153396,0.4364089775561097,0.39999999998557323
176,0.4389027431421446,0.4455729949173653,0.4389027431421446,0.43742019916534036,0.4389027431421446,0.4239954726292046,0.4389027431421446,0.40000000004731007,0.4389027431421446,0.3999999999602632,0.4389027431421446,0.3999999999870862
177,0.44139650872817954,0.4477896495521903,0.44139650872817954,0.4393380982770231,0.44139650872817954,0.4252859696910001,0.44139650872817954,0.4000000000491656,0.44139650872817954,0.39999999996042324,0.44139650872817954,0.3999999999883842
178,0.44389027431421446,0.4500107841027164,0.44389027431421446,0.4412863415374761,0.44389027431421446,0.42661341069436226,0.44389027431421446,0.4000000000510207,0.44389027431421446,0.3999999999616457,0.44389027431421446,0.39999999998949204
179,0.4463840399002494,0.452235840594907,0.4463840399002494,0.4432660669907372,0.4463840399002494,0.42798040462126474,0.4463840399002494,0.40000000005287617,0.4463840399002494,0.3999999999636022,0.4463840399002494,0.3999999999904516
180,0.44887780548628425,0.45446423659457885,0.44887780548628425,0.44527840732340324,0.44887780548628425,0.42938974881800374,0.44887780548628425,0.40000000005473174,0.44887780548628425,0.39999999996601354,0.44887780548628425,0.39999999999129016
181,0.4513715710723192,0.45669536741014677,0.4513715710723192,0.44732448491185645,0.4513715710723192,0.43084444558540164,0.4513715710723192,0.4000000000565869,0.4513715710723192,0.39999999996866886,0.4513715710723192,0.3999999999920281
182,0.4538653366583541,0.4589286086614067,0.4538653366583541,0.4494054061104594,0.4538653366583541,0.43234772003672084,0.4538653366583541,0.4000000000584423,0.4538653366583541,0.3999999999713872,0.4538653366583541,0.3999999999926684
183,0.456359102244389,0.4611633192317328,0.456359102244389,0.4515222547162667,0.456359102244389,0.4339030392495149,0.456359102244389,0.4000000000602977,0.456359102244389,0.39999999997404867,0.456359102244389,0.3999999999932334
184,0.45885286783042395,0.46339884461821373,0.45885286783042395,0.4536760845472379,0.45885286783042395,0.43551413270815365,0.45885286783042395,0.40000000006215264,0.45885286783042395,0.3999999999765726,0.45885286783042395,0.3999999999937377
185,0.4613466334164588,0.4656345206908468,0.4613466334164588,0.45586791107474367,0.4613466334164588,0.437185013992081,0.4613466334164588,0.4000000000640079,0.4613466334164588,0.3999999999789027,0.4613466334164588,0.39999999999418373
186,0.46384039900249374,0.46786967786790606,0.46384039900249374,0.45809870205785097,0.46384039900249374,0.4389200036070407,0.46384039900249374,0.4000000000658634,0.46384039900249374,0.39999999998101576,0.46384039900249374,0.39999999999458313
187,0.46633416458852867,0.47010364570983737,0.46633416458852867,0.46036936713739846,0.46633416458852867,0.44072375277819037,0.46633416458852867,0.40000000006771885,0.46633416458852867,0.3999999999829119,0.46633416458852867,0.3999999999949421
188,0.4688279301745636,0.47233575792893356,0.4688279301745636,0.4626807463628953,0.4688279301745636,0.44260126791918114,0.4688279301745636,0.4000000000695739,0.4688279301745636,0.39999999998457664,0.4688279301745636,0.39999999999526525
189,0.4713216957605985,0.47456535780622355,0.4713216957605985,0.4650335976461176,0.4713216957605985,0.444557935353086,0.4713216957605985,0.4000000000714294,0.4713216957605985,0.3999999999860375,0.4713216957605985,0.39999999999555325
190,0.4738154613466334,0.47679180400105653,0.4738154613466334,0.4674285831629334,0.4738154613466334,0.4465995456811516,0.4738154613466334,0.4000000000732844,0.4738154613466334,0.39999999998731867,0.4738154613466334,0.39999999999581654
191,0.4763092269326683,0.47901447673272124,0.4763092269326683,0.4698662547609137,0.4763092269326683,0.4487323169638796,0.4763092269326683,0.40000000007513975,0.4763092269326683,0.3999999999884244,0.4763092269326683,0.3999999999960524
192,0.47880299251870323,0.48123278430761074,0.47880299251870323,0.47234703847630605,0.47880299251870323,0.4509629155851584,0.47880299251870323,0.4000000000769953,0.47880299251870323,0.39999999998938934,0.47880299251870323,0.3999999999962697
193,0.48129675810473815,0.48344616996055956,0.48129675810473815,0.4748712183218684,0.48129675810473815,0.45329847330252976,0.48129675810473815,0.40000000007885045,0.48129675810473815,0.3999999999902229,0.48129675810473815,0.39999999999646163
194,0.4837905236907731,0.4856541189759843,0.4837905236907731,0.47743891957938045,0.4837905236907731,0.45574659853362715,0.4837905236907731,0.40000000008070574,0.4837905236907731,0.3999999999909491,0.4837905236907731,0.39999999999664143
195,0.48628428927680795,0.48785616605514626,0.48628428927680795,0.4800500919204216,0.48628428927680795,0.4583153793819902,0.48628428927680795,0.40000000008256104,0.48628428927680795,0.3999999999915849,0.48628428927680795,0.39999999999680624
196,0.48877805486284287,0.4900519029034745,0.48877805486284287,0.482704492790615,0.48877805486284287,0.4610133752604253,0.48877805486284287,0.4000000000844165,0.48877805486284287,0.3999999999921445,0.48877805486284287,0.39999999999695496
197,0.4912718204488778,0.4922409860328341,0.4912718204488778,0.4854016716323249,0.4912718204488778,0.4638495932340686,0.4912718204488778,0.40000000008627196,0.4912718204488778,0.39999999999263164,0.4912718204488778,0.39999999999709035
198,0.4937655860349127,0.49442314482134186,0.4937655860349127,0.48814095569917765,0.4937655860349127,0.46683344440210833,0.4937655860349127,0.40000000008812675,0.4937655860349127,0.3999999999930653,0.4937655860349127,0.3999999999972198
199,0.49625935162094764,0.4965981899789767,0.49625935162094764,0.4909214384500465,0.49625935162094764,0.46997467481952204,0.49625935162094764,0.40000000008998227,0.49625935162094764,0.3999999999934512,0.49625935162094764,0.3999999999973357
200,0.4987531172069825,0.498766022808405,0.4987531172069825,0.49374197183149765,0.4987531172069825,0.4732832647247161,0.4987531172069825,0.40000000009183767,0.4987531172069825,0.39999999999379343,0.4987531172069825,0.3999999999974433
201,0.5012468827930174,0.5012339771915957,0.5012468827930174,0.5062580281685036,0.5012468827930174,0.5267167352752816,0.5012468827930174,0.5999999999081619,0.5012468827930174,0.6000000000062042,0.5012468827930174,0.6000000000025556
202,0.5037406483790523,0.5034018100210222,0.5037406483790523,0.5090785615499541,0.5037406483790523,0.5300253251804817,0.5037406483790523,0.5999999999100177,0.5037406483790523,0.6000000000065507,0.5037406483790523,0.6000000000026665
203,0.5062344139650873,0.5055768551786585,0.5062344139650873,0.5118590443008224,0.5062344139650873,0.533166555597893,0.5062344139650873,0.5999999999118731,0.5062344139650873,0.600000000006935,0.5062344139650873,0.6000000000027818
204,0.5087281795511222,0.5077590139671655,0.5087281795511222,0.5145983283676746,0.5087281795511222,0.5361504067659341,0.5087281795511222,0.5999999999137285,0.5087281795511222,0.6000000000073636,0.5087281795511222,0.6000000000029093
205,0.5112219451371571,0.5099480970965246,0.5112219451371571,0.5172955072093843,0.5112219451371571,0.5389866247395751,0.5112219451371571,0.5999999999155837,0.5112219451371571,0.6000000000078599,0.5112219451371571,0.6000000000030475
206,0.513715710723192,0.5121438339448533,0.513715710723192,0.5199499080795771,0.513715710723192,0.5416846206180087,0.513715710723192,0.5999999999174389,0.513715710723192,0.6000000000084116,0.513715710723192,0.6000000000031948
207,0.5162094763092269,0.5143458810240137,0.5162094763092269,0.5225610804206184,0.5162094763092269,0.5442534014663739,0.5162094763092269,0.5999999999192943,0.5162094763092269,0.600000000009048,0.5162094763092269,0.6000000000033591
208,0.5187032418952618,0.5165538300394399,0.5187032418952618,0.5251287816781309,0.5187032418952618,0.5467015266974711,0.5187032418952618,0.5999999999211497,0.5187032418952618,0.6000000000097797,0.5187032418952618,0.6000000000035396
209,0.5211970074812967,0.5187672156923899,0.5211970074812967,0.5276529615236956,0.5211970074812967,0.5490370844148409,0.5211970074812967,0.5999999999230047,0.5211970074812967,0.600000000010612,0.5211970074812967,0.6000000000037325
210,0.5236907730673317,0.5209855232672792,0.5236907730673317,0.5301337452390891,0.5236907730673317,0.5512676830361212,0.5236907730673317,0.59999999992486,0.5236907730673317,0.6000000000115757,0.5236907730673317,0.6000000000039515
211,0.5261845386533666,0.5232081959989419,0.5261845386533666,0.5325714168370655,0.5261845386533666,0.5534004543188463,0.5261845386533666,0.5999999999267155,0.5261845386533666,0.6000000000126836,0.5261845386533666,0.6000000000041877
212,0.5286783042394014,0.5254346421937766,0.5286783042394014,0.5349664023538809,0.5286783042394014,0.5554420646469147,0.5286783042394014,0.599999999928571,0.5286783042394014,0.600000000013962,0.5286783042394014,0.6000000000044455
213,0.5311720698254364,0.5276642420710648,0.5311720698254364,0.5373192536371053,0.5311720698254364,0.5573987320808222,0.5311720698254364,0.5999999999304261,0.5311720698254364,0.6000000000154208,0.5311720698254364,0.6000000000047282
214,0.5336658354114713,0.5298963542901628,0.5336658354114713,0.539630632862602,0.5336658354114713,0.5592762472218096,0.5336658354114713,0.5999999999322814,0.5336658354114713,0.600000000017094,0.5336658354114713,0.6000000000050542
215,0.5361596009975063,0.5321303221320944,0.5361596009975063,0.541901297942151,0.5361596009975063,0.56107999639296,0.5361596009975063,0.5999999999341364,0.5361596009975063,0.6000000000189808,0.5361596009975063,0.6000000000054112
216,0.5386533665835411,0.534365479309151,0.5386533665835411,0.5441320889252572,0.5386533665835411,0.5628149860079203,0.5386533665835411,0.5999999999359923,0.5386533665835411,0.6000000000210931,0.5386533665835411,0.6000000000058171
217,0.541147132169576,0.5366011553817873,0.541147132169576,0.5463239154527609,0.541147132169576,0.5644858672918462,0.541147132169576,0.599999999937847,0.541147132169576,0.6000000000234281,0.541147132169576,0.6000000000062626
218,0.543640897755611,0.5388366807682657,0.543640897755611,0.5484777452837315,0.543640897755611,0.5660969607504859,0.543640897755611,0.5999999999397027,0.543640897755611,0.6000000000259501,0.543640897755611,0.6000000000067627
219,0.5461346633416458,0.5410713913385939,0.5461346633416458,0.5505945938895398,0.5461346633416458,0.567652279963279,0.5461346633416458,0.5999999999415576,0.5461346633416458,0.6000000000286139,0.5461346633416458,0.6000000000073303
220,0.5486284289276808,0.5433046325898532,0.5486284289276808,0.552675515088143,0.5486284289276808,0.5691555544145973,0.5486284289276808,0.5999999999434136,0.5486284289276808,0.6000000000313302,0.5486284289276808,0.6000000000079719
221,0.5511221945137157,0.5455357634054212,0.5511221945137157,0.5547215926765963,0.5511221945137157,0.5706102511819968,0.5511221945137157,0.5999999999452682,0.5511221945137157,0.6000000000339883,0.5511221945137157,0.6000000000087118
222,0.5536159600997506,0.547764159405092,0.5536159600997506,0.5567339330092649,0.5536159600997506,0.5720195953787363,0.5536159600997506,0.5999999999471233,0.5536159600997506,0.6000000000363974,0.5536159600997506,0.6000000000095383
223,0.5561097256857855,0.5499892158972846,0.5561097256857855,0.5587136584625232,0.5561097256857855,0.573386589305638,0.5561097256857855,0.5999999999489792,0.5561097256857855,0.6000000000383565,0.5561097256857855,0.6000000000105138
224,0.5586034912718204,0.5522103504478092,0.5586034912718204,0.5606619017229765,0.5586034912718204,0.5747140303090013,0.5586034912718204,0.5999999999508342,0.5586034912718204,0.600000000039577,0.5586034912718204,0.6000000000116239
225,0.5610972568578554,0.554427005082635,0.5610972568578554,0.5625798008346586,0.5610972568578554,0.5760045273707959,0.5610972568578554,0.59999999995269,0.5610972568578554,0.6000000000397381,0.5610972568578554,0.6000000000129184
226,0.5635910224438903,0.5566386481441341,0.5635910224438903,0.5644684949410751,0.5635910224438903,0.5772605164775275,0.5635910224438903,0.5999999999545454,0.5635910224438903,0.6000000000384669,0.5635910224438903,0.6000000000144194
227,0.5660847880299251,0.5588447758221278,0.5660847880299251,0.5663291206594339,0.5660847880299251,0.5784842748271837,0.5660847880299251,0.5999999999564004,0.5660847880299251,0.6000000000353546,0.5660847880299251,0.6000000000162015
228,0.5685785536159601,0.5610449133820623,0.5685785536159601,0.5681628090270224,0.5685785536159601,0.5796779339416356,0.5685785536159601,0.5999999999582557,0.5685785536159601,0.6000000000299973,0.5685785536159601,0.6000000000183008
229,0.571072319201995,0.5632386161134731,0.571072319201995,0.5699706829628267,0.571072319201995,0.5808434917558699,0.571072319201995,0.5999999999601116,0.571072319201995,0.6000000000220006,0.571072319201995,0.6000000000208163
230,0.57356608478803,0.5654254700221275,0.57356608478803,0.5717538551910877,0.57356608478803,0.581982823756713,0.57356608478803,0.5999999999619665,0.57356608478803,0.6000000000110169,0.57356608478803,0.6000000000238542
231,0.5760598503740648,0.5676050922892597,0.5760598503740648,0.5735134265773407,0.5760598503740648,0.58309769324299,0.5760598503740648,0.5999999999638213,0.5760598503740648,0.5999999999968217,0.5760598503740648,0.600000000027549
232,0.5785536159600997,0.5697771315208962,0.5785536159600997,0.5752504848313398,0.5785536159600997,0.5841897607771642,0.5785536159600997,0.5999999999656771,0.5785536159600997,0.5999999999792998,0.5785536159600997,0.6000000000320922
233,0.5810473815461347,0.5719412678098181,0.5810473815461347,0.5769661035352188,0.5810473815461347,0.5852605928953827,0.5810473815461347,0.5999999999675325,0.5810473815461347,0.5999999999585476,0.5810473815461347,0.6000000000377683
234,0.5835411471321695,0.5740972126318225,0.5835411471321695,0.5786613414589437,0.5835411471321695,0.5863116701395883,0.5835411471321695,0.5999999999693875,0.5835411471321695,0.5999999999348576,0.5835411471321695,0.6000000000449108
235,0.5860349127182045,0.5762447085970487,0.5860349127182045,0.5803372421288604,0.5860349127182045,0.587344394471565,0.5860349127182045,0.5999999999712429,0.5860349127182045,0.5999999999087985,0.5860349127182045,0.6000000000540647
236,0.5885286783042394,0.5783835290761368,0.5885286783042394,0.5819948336184357,0.5885286783042394,0.5883600961248957,0.5885286783042394,0.5999999999730985,0.5885286783042394,0.5999999998812009,0.5885286783042394,0.600000000066054
237,0.5910224438902743,0.5805134777198,0.5910224438902743,0.5836351285336598,0.5910224438902743,0.5893600399470323,0.5910224438902743,0.5999999999749536,0.5910224438902743,0.5999999998531154,0.5910224438902743,0.6000000000820492
238,0.5935162094763092,0.5826343878892131,0.5935162094763092,0.5852591241684295,0.5935162094763092,0.5903454312800102,0.5935162094763092,0.5999999999768088,0.5935162094763092,0.599999999825843,0.5935162094763092,0.6000000001038883
239,0.5960099750623441,0.5847461220134672,0.5960099750623441,0.5868678028081442,0.5960099750623441,0.5913174214247359,0.5960099750623441,0.5999999999786629,0.5960099750623441,0.5999999998008303,0.5960099750623441,0.6000000001346681
240,0.5985037406483791,0.5868485708890502,0.5985037406483791,0.5884621321621119,0.5985037406483791,0.5922771127305174,0.5985037406483791,0.5999999999805182,0.5985037406483791,0.599999999779642,0.5985037406483791,0.6000000001796514
241,0.600997506234414,0.5889416529351543,0.600997506234414,0.5900430659078152,0.600997506234414,0.5932255633484628,0.600997506234414,0.5999999999823741,0.600997506234414,0.5999999997637745,0.600997506234414,0.6000000002486814
242,0.6034912718204488,0.5910253134174496,0.6034912718204488,0.5916115443320749,0.6034912718204488,0.5941637916844618,0.6034912718204488,0.5999999999842291,0.6034912718204488,0.5999999997546396,0.6034912718204488,0.6000000003619436
243,0.6059850374064838,0.5930995236517785,0.6059850374064838,0.5931684950560953,0.6059850374064838,0.5950927805850307,0.6059850374064838,0.5999999999860846,0.6059850374064838,0.5999999997533838,0.6059850374064838,0.6000000005681103
244,0.6084788029925187,0.5951642801981859,0.6084788029925187,0.5947148338330508,0.6084788029925187,0.5960134812868937,0.6084788029925187,0.599999999987939,0.6084788029925187,0.5999999997608171,0.6084788029925187,0.6000000010033496
245,0.6109725685785536,0.597219604054648,0.6109725685785536,0.5962514654083657,0.6109725685785536,0.5969268171591751,0.6109725685785536,0.5999999999897938,0.6109725685785536,0.599999999777303,0.6109725685785536,0.6000000019777071
246,0.6134663341645885,0.5992655398588932,0.6134663341645885,0.5977792844342549,0.6134663341645885,0.5978336872652734,0.6134663341645885,0.599999999991649,0.6134663341645885,0.5999999998026728,0.6134663341645885,0.6000000033926876
247,0.6159600997506234,0.6013021551058081,0.6159600997506234,0.5992991764312332,0.6159600997506234,0.5987349697698564,0.6159600997506234,0.5999999999935041,0.6159600997506234,0.5999999998362973,0.6159600997506234,0.6000000017814735
248,0.6184538653366584,0.6033295393870823,0.6184538653366584,0.6008120187904052,0.6184538653366584,0.5996315252152113,0.6184538653366584,0.5999999999953598,0.6184538653366584,0.5999999998769692,0.6184538653366584,0.5999999902051789
249,0.6209476309226932,0.6053478036589403,0.6209476309226932,0.602318681811262,0.6209476309226932,0.600524199689874,0.6209476309226932,0.5999999999972153,0.6209476309226932,0.5999999999230566,0.6209476309226932,0.5999999757406336
250,0.6234413965087282,0.6073570795431487,0.6234413965087282,0.6038200297705296,0.6234413965087282,0.6014138279117468,0.6234413965087282,0.5999999999990698,0.6234413965087282,0.5999999999725703,0.6234413965087282,0.5999999851805884
251,0.6259351620947631,0.6093575186657922,0.6259351620947631,0.6053169220183495,0.6259351620947631,0.6023012362471135,0.6259351620947631,0.6000000000009256,0.6259351620947631,0.6000000000232854,0.6259351620947631,0.6000000146991348
252,0.6284289276807979,0.6113492920377416,0.6284289276807979,0.6068102140986233,0.6284289276807979,0.603187245686502,0.6284289276807979,0.6000000000027806,0.6284289276807979,0.6000000000729013,0.6284289276807979,0.6000000242146668
253,0.6309226932668329,0.6133325894801915,0.6309226932668329,0.6083007588909747,0.6309226932668329,0.6040726747980921,0.6309226932668329,0.6000000000046365,0.6309226932668329,0.600000000119185,0.6309226932668329,0.6000000098160391
254,0.6334164588528678,0.615307619098218,0.6334164588528678,0.6097894077720956,0.6334164588528678,0.6049583426793002,0.6334164588528678,0.6000000000064916,0.6334164588528678,0.6000000001601357,0.6334164588528678,0.5999999982552501
255,0.6359102244389028,0.6172746068048092,0.6359102244389028,0.6112770117946849,0.6359102244389028,0.6058450719272361,0.6359102244389028,0.6000000000083471,0.6359102244389028,0.6000000001941106,0.6359102244389028,0.5999999966340296
256,0.6384039900249376,0.6192337958975033,0.6384039900249376,0.6127644228824861,0.6384039900249376,0.6067336916492232,0.6384039900249376,0.6000000000102024,0.6384039900249376,0.6000000002199052,0.6384039900249376,0.5999999980386453
257,0.6408977556109725,0.621185446689419,0.6408977556109725,0.6142524950400167,0.6408977556109725,0.6076250405350234,0.6408977556109725,0.6000000000120588,0.6408977556109725,0.6000000002368331,0.6408977556109725,0.5999999990072568
258,0.6433915211970075,0.6231298361961665,0.6433915211970075,0.6157420855759013,0.6433915211970075,0.6085199700132715,0.6433915211970075,0.6000000000139137,0.6433915211970075,0.6000000002447436,0.6433915211970075,0.5999999994394378
259,0.6458852867830424,0.6250672578798845,0.6458852867830424,0.6172340563386741,0.6458852867830424,0.6094193475156823,0.6458852867830424,0.600000000015769,0.6458852867830424,0.6000000002439768,0.6458852867830424,0.5999999996438133
260,0.6483790523690773,0.6269980214514238,0.6483790523690773,0.6187292749639766,0.6483790523690773,0.6103240598738802,0.6483790523690773,0.6000000000176248,0.6483790523690773,0.6000000002353181,0.6483790523690773,0.5999999997558971
261,0.6508728179551122,0.6289224527315287,0.6508728179551122,0.6202286161320274,0.6508728179551122,0.6112350168753237,0.6508728179551122,0.6000000000194797,0.6508728179551122,0.6000000002199061,0.6508728179551122,0.5999999998240905
262,0.6533665835411471,0.6308408935716898,0.6533665835411471,0.621732962834154,0.6533665835411471,0.6121531550066325,0.6533665835411471,0.6000000000213352,0.6533665835411471,0.6000000001991241,0.6533665835411471,0.5999999998684783
263,0.655860349127182,0.632753701835187,0.655860349127182,0.623243207646998,0.655860349127182,0.6130794414149134,0.655860349127182,0.6000000000231904,0.655860349127182,0.6000000001744876,0.655860349127182,0.5999999998987693
264,0.6583541147132169,0.6346612514388267,0.6583541147132169,0.6247602540127033,0.6583541147132169,0.6140148781201594,0.6583541147132169,0.6000000000250464,0.6583541147132169,0.6000000001475266,0.6583541147132169,0.5999999999202564
265,0.6608478802992519,0.6365639324556319,0.6608478802992519,0.6262850175232916,0.6608478802992519,0.6149605065148425,0.6608478802992519,0.6000000000269018,0.6608478802992519,0.6000000001197047,0.6608478802992519,0.5999999999359434
266,0.6633416458852868,0.6384621512788511,0.6633416458852868,0.6278184272068233,0.6633416458852868,0.6159174121900992,0.6633416458852868,0.6000000000287573,0.6633416458852868,0.6000000000923079,0.6633416458852868,0.5999999999476986
267,0.6658354114713216,0.6403563308474519,0.6658354114713216,0.6293614268127857,0.6658354114713216,0.616886730131802,0.6658354114713216,0.6000000000306125,0.6658354114713216,0.6000000000664039,0.6658354114713216,0.5999999999566707
268,0.6683291770573566,0.6422469109333082,0.6683291770573566,0.630914976093506,0.6683291770573566,0.6178696503341237,0.6683291770573566,0.600000000032468,0.6683291770573566,0.6000000000428244,0.6683291770573566,0.5999999999636528
269,0.6708229426433915,0.6441343484902876,0.6708229426433915,0.632480052077926,0.6708229426433915,0.6188674238830305,0.6708229426433915,0.6000000000343236,0.6708229426433915,0.600000000022123,0.6708229426433915,0.5999999999691835
270,0.6733167082294265,0.6460191180653732,0.6733167082294265,0.6340576503335394,0.6733167082294265,0.6198813695676456,0.6733167082294265,0.6000000000361783,0.6733167082294265,0.6000000000046296,0.6733167082294265,0.5999999999736118
271,0.6758104738154613,0.6479017122720392,0.6758104738154613,0.6356487862116531,0.6758104738154613,0.620912881083485,0.6758104738154613,0.6000000000380337,0.6758104738154613,0.599999999990413,0.6758104738154613,0.5999999999772065
272,0.6783042394014962,0.6497826423261986,0.6783042394014962,0.63725449607059,0.6783042394014962,0.621963434898298,0.6783042394014962,0.6000000000398891,0.6783042394014962,0.5999999999794052,0.6783042394014962,0.5999999999801527
273,0.6807980049875312,0.6516624386449095,0.6807980049875312,0.6388758384707208,0.6807980049875312,0.6230345988586523,0.6807980049875312,0.6000000000417446,0.6807980049875312,0.5999999999713576,0.6807980049875312,0.5999999999826008
274,0.683291770573566,0.6535416515084657,0.683291770573566,0.64051389533479,0.683291770573566,0.6241280416236346,0.683291770573566,0.6000000000435995,0.683291770573566,0.599999999965931,0.683291770573566,0.5999999999846439
275,0.685785536159601,0.6554208517863428,0.685785536159601,0.6421697730664546,0.685785536159601,0.6252455430207765,0.685785536159601,0.6000000000454551,0.685785536159601,0.599999999962747,0.685785536159601,0.5999999999863405
276,0.6882793017456359,0.6573006317279502,0.6882793017456359,0.6438446036196065,0.6882793017456359,0.6263890054287721,0.6882793017456359,0.60000000004731,0.6882793017456359,0.5999999999613925,0.6882793017456359,0.5999999999877995
277,0.6907730673316708,0.6591816058192682,0.6907730673316708,0.6455395455109824,0.6907730673316708,0.6275604663018115,0.6907730673316708,0.6000000000491656,0.6907730673316708,0.5999999999614781,0.6907730673316708,0.5999999999890472
278,0.6932668329177057,0.6610644117070194,0.6932668329177057,0.6472557847687649,0.6932668329177057,0.6287621119605203,0.6932668329177057,0.6000000000510208,0.6932668329177057,0.5999999999626212,0.6932668329177057,0.5999999999901166
279,0.6957605985037406,0.662949711192493,0.6957605985037406,0.648994535810582,0.6957605985037406,0.6299962927853495,0.6957605985037406,0.600000000052876,0.6957605985037406,0.5999999999645019,0.6957605985037406,0.5999999999910334
280,0.6982543640897756,0.6648381912979824,0.6982543640897756,0.6507570422456533,0.6982543640897756,0.6312655399584078,0.6982543640897756,0.6000000000547316,0.6982543640897756,0.5999999999668439,0.6982543640897756,0.5999999999918375
281,0.7007481296758105,0.6667305654098127,0.7007481296758105,0.6525445775980733,0.7007481296758105,0.6325725839094769,0.7007481296758105,0.6000000000565869,0.7007481296758105,0.5999999999694352,0.7007481296758105,0.5999999999925395
282,0.7032418952618453,0.6686275745033777,0.7032418952618453,0.6543584459516084,0.7032418952618453,0.6339203746295942,0.7032418952618453,0.6000000000584423,0.7032418952618453,0.5999999999720866,0.7032418952618453,0.5999999999931502
283,0.7057356608478803,0.6705299884574825,0.7057356608478803,0.6561999825213914,0.7057356608478803,0.6353121040209685,0.7057356608478803,0.6000000000602975,0.7057356608478803,0.5999999999746951,0.7057356608478803,0.5999999999936839
284,0.7082294264339152,0.672438607468022,0.7082294264339152,0.6580705541650279,0.7082294264339152,0.6367512304524166,0.7082294264339152,0.6000000000621531,0.7082294264339152,0.5999999999771742,0.7082294264339152,0.5999999999941651
285,0.7107231920199502,0.6743542635745186,0.7107231920199502,0.6599715598553275,0.7107231920199502,0.6382415056839679,0.7107231920199502,0.6000000000640081,0.7107231920199502,0.599999999979455,0.7107231920199502,0.599999999994588
286,0.713216957605985,0.6762778223181769,0.713216957605985,0.6619044311503828,0.713216957605985,0.6397870043088127,0.713216957605985,0.6000000000658635,0.713216957605985,0.5999999999815299,0.713216957605985,0.5999999999949623
287,0.7157107231920199,0.6782101845570576,0.7157107231920199,0.6638706327147638,0.7157107231920199,0.641392155832357,0.7157107231920199,0.6000000000677186,0.7157107231920199,0.5999999999833903,0.7157107231920199,0.5999999999953037
288,0.7182044887780549,0.6801522884740213,0.7182044887780549,0.6658716629698426,0.7182044887780549,0.6430617794611431,0.7182044887780549,0.6000000000695742,0.7182044887780549,0.5999999999850196,0.7182044887780549,0.5999999999956069
289,0.7206982543640897,0.6821051118273956,0.7206982543640897,0.6679090549836895,0.7206982543640897,0.6448011216026683,0.7206982543640897,0.6000000000714292,0.7206982543640897,0.5999999999864523,0.7206982543640897,0.5999999999958795
290,0.7231920199501247,0.6840696745154021,0.7231920199501247,0.6699843777539748,0.7231920199501247,0.6466158959721849,0.7231920199501247,0.6000000000732845,0.7231920199501247,0.5999999999877073,0.7231920199501247,0.5999999999961212
291,0.7256857855361596,0.6860470415568193,0.7256857855361596,0.6720992380949005,0.7256857855361596,0.6485123260540179,0.7256857855361596,0.6000000000751402,0.7256857855361596,0.5999999999887884,0.7256857855361596,0.5999999999963409
292,0.7281795511221945,0.6880383266386287,0.7281795511221945,0.674255283415967,0.7281795511221945,0.6504971894601701,0.7281795511221945,0.6000000000769952,0.7281795511221945,0.59999999998973,0.7281795511221945,0.5999999999965446
293,0.7306733167082294,0.6900446964570789,0.7306733167082294,0.6764542057838866,0.7306733167082294,0.6525778634533446,0.7306733167082294,0.6000000000788507,0.7306733167082294,0.5999999999905454,0.7306733167082294,0.5999999999967255
294,0.7331670822942643,0.6920673762020364,0.7331670822942643,0.6786977477996633,0.7331670822942643,0.6547623705377041,0.7331670822942643,0.6000000000807058,0.7331670822942643,0.5999999999912521,0.7331670822942643,0.5999999999968897
295,0.7356608478802993,0.6941076567417263,0.7356608478802993,0.680987711016506,0.7356608478802993,0.657059422552015,0.7356608478802993,0.6000000000825612,0.7356608478802993,0.5999999999918705,0.7356608478802993,0.599999999997044
296,0.7381546134663342,0.6961669044294448,0.7381546134663342,0.6833259678956735,0.7381546134663342,0.6594784611101938,0.7381546134663342,0.600000000084417,0.7381546134663342,0.5999999999924144,0.7381546134663342,0.5999999999971811
297,0.740648379052369,0.6982465751246413,0.740648379052369,0.6857144786847171,0.740648379052369,0.662029691514667,0.740648379052369,0.6000000000862713,0.740648379052369,0.599999999992888,0.740648379052369,0.599999999997306
298,0.743142144638404,0.7003482353284782,0.743142144638404,0.6881553151704836,0.743142144638404,0.664724106423797,0.743142144638404,0.600000000088127,0.743142144638404,0.599999999993305,0.743142144638404,0.5999999999974232
299,0.7456359102244389,0.7024735960559388,0.7456359102244389,0.6906506941142596,0.7456359102244389,0.6675734946180651,0.7456359102244389,0.6000000000899822,0.7456359102244389,0.5999999999936808,0.7456359102244389,0.5999999999975314
300,0.7481296758104738,0.7046245712075279,0.7481296758104738,0.6932030245072515,0.7481296758104738,0.6705904292630037,0.7481296758104738,0.6000000000918378,0.7481296758104738,0.59999999999401,0.7481296758104738,0.5999999999976283
301,0.7506234413965087,0.7123557272957078,0.7506234413965087,0.7254093688194024,0.7506234413965087,0.7480217341788746,0.7506234413965087,0.7999999999432413,0.7506234413965087,0.8000000000039715,0.7506234413965087,0.8000000000016988
302,0.7531172069825436,0.7155456369474966,0.7531172069825436,0.7286340223650181,0.7531172069825436,0.750723828560055,0.7531172069825436,0.7999999999443878,0.7531172069825436,0.8000000000041936,0.7531172069825436,0.8000000000017726
303,0.7556109725685786,0.7187180424002552,0.7556109725685786,0.7317574124975268,0.7556109725685786,0.7532784111084391,0.7556109725685786,0.7999999999455346,0.7556109725685786,0.8000000000044373,0.7556109725685786,0.8000000000018511
304,0.7581047381546134,0.7218672272147637,0.7581047381546134,0.7347815090698927,0.7581047381546134,0.7556945426791546,0.7581047381546134,0.7999999999466808,0.7581047381546134,0.8000000000047115,0.7581047381546134,0.8000000000019346
305,0.7605985037406484,0.7249881178290741,0.7605985037406484,0.737708521060093,0.7605985037406484,0.7579809979744836,0.7605985037406484,0.7999999999478277,0.7605985037406484,0.8000000000050294,0.7605985037406484,0.8000000000020305
306,0.7630922693266833,0.7280762441568821,0.7630922693266833,0.7405408572377022,0.7630922693266833,0.7601461966270575,0.7630922693266833,0.7999999999489747,0.7630922693266833,0.8000000000053793,0.7630922693266833,0.8000000000021289
307,0.7655860349127181,0.731127700443794,0.7655860349127181,0.7432810889674787,0.7655860349127181,0.7621981575999278,0.7655860349127181,0.7999999999501213,0.7655860349127181,0.8000000000057828,0.7655860349127181,0.8000000000022387
308,0.7680798004987531,0.7341391066632605,0.7680798004987531,0.7459319155903763,0.7680798004987531,0.7641444723048979,0.7680798004987531,0.7999999999512676,0.7680798004987531,0.8000000000062482,0.7680798004987531,0.8000000000023564
309,0.770573566084788,0.7371075707106528,0.770573566084788,0.7484961326571842,0.770573566084788,0.7659922923844351,0.770573566084788,0.7999999999524143,0.770573566084788,0.8000000000067735,0.770573566084788,0.8000000000024835
310,0.773067331670823,0.7400306516232796,0.773067331670823,0.750976603157784,0.773067331670823,0.7677483286980107,0.773067331670823,0.799999999953561,0.773067331670823,0.8000000000073848,0.773067331670823,0.8000000000026297
311,0.7755610972568578,0.7429063240194008,0.7755610972568578,0.7533762317842719,0.7755610972568578,0.7694188586372543,0.7755610972568578,0.7999999999547075,0.7755610972568578,0.800000000008084,0.7755610972568578,0.8000000000027865
312,0.7780548628428927,0.7457329439136066,0.7780548628428927,0.7556979421842936,0.7780548628428927,0.7710097394312571,0.7780548628428927,0.7999999999558542,0.7780548628428927,0.8000000000088908,0.7780548628428927,0.8000000000029602
313,0.7805486284289277,0.7485092160312639,0.7805486284289277,0.757944657099141,0.7805486284289277,0.7725264255756119,0.7805486284289277,0.7999999999570011,0.7805486284289277,0.8000000000098123,0.7805486284289277,0.800000000003142
314,0.7830423940149626,0.7512341627122944,0.7830423940149626,0.7601192812361958,0.7830423940149626,0.7739739889225272,0.7830423940149626,0.7999999999581474,0.7830423940149626,0.8000000000108681,0.7830423940149626,0.8000000000033577
315,0.7855361596009975,0.7539070944650672,0.7855361596009975,0.7622246866946425,0.7855361596009975,0.7753571403053214,0.7855361596009975,0.7999999999592943,0.7855361596009975,0.8000000000120557,0.7855361596009975,0.8000000000035942
316,0.7880299251870324,0.7565275822051905,0.7880299251870324,0.7642637007442726,0.7880299251870324,0.7766802518455261,0.7880299251870324,0.799999999960441,0.7880299251870324,0.8000000000133853,0.7880299251870324,0.8000000000038576
317,0.7905236907730673,0.7590954311913044,0.7905236907730673,0.7662390957480774,0.7905236907730673,0.7779473793117802,0.7905236907730673,0.7999999999615877,0.7905236907730673,0.800000000014856,0.7905236907730673,0.8000000000041467
318,0.7930174563591023,0.7616106566504597,0.7930174563591023,0.7681535810171322,0.7930174563591023,0.779162284074897,0.7930174563591023,0.7999999999627344,0.7930174563591023,0.8000000000164481,0.7930174563591023,0.8000000000044742
319,0.7955112219451371,0.7640734610696707,0.7955112219451371,0.7700097963904413,0.7955112219451371,0.7803284543404594,0.7955112219451371,0.7999999999638806,0.7955112219451371,0.8000000000181335,0.7955112219451371,0.8000000000048455
320,0.7980049875311721,0.7664842131164521,0.7980049875311721,0.7718103073402905,0.7980049875311721,0.7814491254461956,0.7980049875311721,0.7999999999650278,0.7980049875311721,0.8000000000198458,0.7980049875311721,0.8000000000052588
321,0.800498753117207,0.7688434281406642,0.800498753117207,0.7735576014149542,0.800498753117207,0.7825272990919503,0.800498753117207,0.7999999999661747,0.800498753117207,0.8000000000215292,0.800498753117207,0.8000000000057396
322,0.8029925187032418,0.7711517502011916,0.8029925187032418,0.7752540858434743,0.8029925187032418,0.7835657614306708,0.8029925187032418,0.7999999999673209,0.8029925187032418,0.8000000000230605,0.8029925187032418,0.80000000000627
323,0.8054862842892768,0.7734099355546287,0.8054862842892768,0.7769020861415391,0.8054862842892768,0.784567099993631,0.8054862842892768,0.7999999999684674,0.8054862842892768,0.8000000000243224,0.8054862842892768,0.8000000000069024
324,0.8079800498753117,0.7756188375383486,0.8079800498753117,0.7785038455719293,0.8079800498753117,0.7855337194555346,0.8079800498753117,0.7999999999696137,0.8079800498753117,0.8000000000251257,0.8079800498753117,0.8000000000076153
325,0.8104738154613466,0.777779392777203,0.8104738154613466,0.7800615253276835,0.8104738154613466,0.7864678562680325,0.8104738154613466,0.7999999999707603,0.8104738154613466,0.8000000000252727,0.8104738154613466,0.8000000000084476
326,0.8129675810473815,0.7798926086410982,0.8129675810473815,0.7815772053201758,0.8129675810473815,0.7873715922059146,0.8129675810473815,0.7999999999719074,0.8129675810473815,0.800000000024542,0.8129675810473815,0.800000000009412
327,0.8154613466334164,0.7819595518801631,0.8154613466334164,0.7830528854678555,0.8154613466334164,0.788246866880204,0.8154613466334164,0.7999999999730539,0.8154613466334164,0.8000000000226609,0.8154613466334164,0.8000000000105527
328,0.8179551122194514,0.7839813383640883,0.8179551122194514,0.7844904873938917,0.8179551122194514,0.7890954892785118,0.8179551122194514,0.7999999999742007,0.8179551122194514,0.8000000000193931,0.8179551122194514,0.8000000000118912
329,0.8204488778054863,0.7859591238535483,0.8204488778054863,0.785891856452857,0.8204488778054863,0.7899191483958379,0.8204488778054863,0.799999999975347,0.8204488778054863,0.8000000000144843,0.8204488778054863,0.8000000000134985
330,0.8229426433915211,0.7878940957328776,0.8229426433915211,0.7872587640170371,0.8229426433915211,0.7907194230198159,0.8229426433915211,0.7999999999764937,0.8229426433915211,0.8000000000077175,0.8229426433915211,0.800000000015437
331,0.8254364089775561,0.789787465635512,0.8254364089775561,0.7885929099628252,0.8254364089775561,0.7914977907334417,0.8254364089775561,0.7999999999776399,0.8254364089775561,0.7999999999989531,0.8254364089775561,0.8000000000177809
332,0.827930174563591,0.7916404628961238,0.827930174563591,0.7898959253062889,0.827930174563591,0.7922556361965836,0.827930174563591,0.7999999999787872,0.827930174563591,0.7999999999881113,0.827930174563591,0.8000000000206609
333,0.830423940149626,0.7934543287661694,0.830423940149626,0.7911693749448824,0.830423940149626,0.7929942587647296,0.830423940149626,0.7999999999799338,0.830423940149626,0.7999999999752531,0.830423940149626,0.8000000000242614
334,0.8329177057356608,0.795230311332733,0.8329177057356608,0.7924147604689384,0.8329177057356608,0.7937148795005057,0.8329177057356608,0.7999999999810804,0.8329177057356608,0.7999999999605455,0.8329177057356608,0.8000000000287764
335,0.8354114713216957,0.7969696610835864,0.8354114713216957,0.7936335230130528,0.8354114713216957,0.79441864763016,0.8354114713216957,0.7999999999822274,0.8354114713216957,0.7999999999443486,0.8354114713216957,0.8000000000345581
336,0.8379052369077307,0.7986736270647721,0.8379052369077307,0.7948270461223792,0.8379052369077307,0.7951066464937452,0.8379052369077307,0.7999999999833742,0.8379052369077307,0.7999999999271659,0.8379052369077307,0.8000000000421191
337,0.8403990024937655,0.8003434535803564,0.8403990024937655,0.7959966586138878,0.8403990024937655,0.7957798990345559,0.8403990024937655,0.7999999999845208,0.8403990024937655,0.7999999999096465,0.8403990024937655,0.8000000000521869
338,0.8428927680798005,0.8019803773872016,0.8428927680798005,0.7971436374164904,0.8428927680798005,0.7964393728698453,0.8428927680798005,0.7999999999856665,0.8428927680798005,0.7999999998925957,0.8428927680798005,0.8000000000659143
339,0.8453865336658354,0.8035856253411064,0.8453865336658354,0.7982692103775013,0.8453865336658354,0.7970859849820267,0.8453865336658354,0.7999999999868129,0.8453865336658354,0.7999999998769144,0.8453865336658354,0.8000000000852268
340,0.8478802992518703,0.8051604124536548,0.8478802992518703,0.7993745590260009,0.8478802992518703,0.7977206060663881,0.8478802992518703,0.7999999999879599,0.8478802992518703,0.7999999998635613,0.8478802992518703,0.8000000001134171
341,0.8503740648379052,0.8067059403224635,0.8503740648379052,0.8004608212862034,0.8503740648379052,0.7983440645688227,0.8503740648379052,0.7999999999891064,0.8503740648379052,0.7999999998534731,0.8503740648379052,0.8000000001566021
342,0.8528678304239401,0.8082233959004301,0.8528678304239401,0.801529094136257,0.8528678304239401,0.7989571504443783,0.8528678304239401,0.7999999999902533,0.8528678304239401,0.7999999998475326,0.8528678304239401,0.8000000002273411
343,0.8553615960099751,0.8097139505725968,0.8553615960099751,0.8025804362097633,0.8553615960099751,0.7995606186653588,0.8553615960099751,0.7999999999913997,0.8553615960099751,0.7999999998464554,0.8553615960099751,0.800000000355884
344,0.85785536159601,0.8111787595120333,0.85785536159601,0.8036158703390964,0.85785536159601,0.8001551925053927,0.85785536159601,0.7999999999925458,0.85785536159601,0.7999999998507539,0.85785536159601,0.8000000006267817
345,0.8603491271820448,0.81261896128878,0.8603491271820448,0.8046363860408396,0.8603491271820448,0.8007415666242319,0.8603491271820448,0.7999999999936922,0.8603491271820448,0.7999999998606572,0.8603491271820448,0.8000000012325565
346,0.8628428927680798,0.8140356777085848,0.8628428927680798,0.8056429419450751,0.8628428927680798,0.801320409976283,0.8628428927680798,0.7999999999948387,0.8628428927680798,0.7999999998760772,0.8628428927680798,0.8000000021135285
347,0.8653366583541147,0.8154300138604784,0.8653366583541147,0.8066364681712024,0.8653366583541147,0.8018923685644168,0.8653366583541147,0.7999999999959856,0.8653366583541147,0.7999999998966376,0.8653366583541147,0.8000000011239865
348,0.8678304239401496,0.8168030583546338,0.8678304239401496,0.8076178686540039,0.8678304239401496,0.8024580680594804,0.8678304239401496,0.7999999999971321,0.8678304239401496,0.7999999999215955,0.8678304239401496,0.7999999939599112
349,0.8703241895261845,0.8181558837341184,0.8703241895261845,0.8085880234243645,0.8703241895261845,0.803018116304685,0.8703241895261845,0.7999999999982786,0.8703241895261845,0.7999999999499546,0.8703241895261845,0.7999999849795808
350,0.8728179551122194,0.8194895470463129,0.8728179551122194,0.8095477908499499,0.8728179551122194,0.8035731057233251,0.8728179551122194,0.799999999999425,0.8728179551122194,0.7999999999804911,0.8728179551122194,0.7999999907669283
351,0.8753117206982544,0.8208050905616453,0.8753117206982544,0.8104980098416903,0.8753117206982544,0.8041236156475682,0.8753117206982544,0.8000000000005718,0.8753117206982544,0.8000000000118286,0.8753117206982544,0.8000000090101046
352,0.8778054862842892,0.8221035426293974,0.8778054862842892,0.8114395020326701,0.8778054862842892,0.804670214585478,0.8778054862842892,0.8000000000017184,0.8778054862842892,0.8000000000425496,0.8778054862842892,0.8000000149374954
353,0.8802992518703242,0.8233859186619277,0.8802992518703242,0.8123730739365324,0.8802992518703242,0.8052134624432328,0.8802992518703242,0.8000000000028654,0.8802992518703242,0.8000000000712681,0.8802992518703242,0.8000000060793503
354,0.8827930174563591,0.8246532222406606,0.8827930174563591,0.8132995190932111,0.8827930174563591,0.8057539127192527,0.8827930174563591,0.8000000000040125,0.8827930174563591,0.8000000000967455,0.8827930174563591,0.7999999989440663
355,0.8852867830423939,0.8259064463386989,0.8852867830423939,0.8142196202103583,0.8852867830423939,0.8062921146870984,0.8852867830423939,0.8000000000051595,0.8852867830423939,0.8000000001179591,0.8852867830423939,0.7999999979360034
356,0.8877805486284289,0.8271465746567797,0.8877805486284289,0.8151341513094712,0.8877805486284289,0.8068286155841595,0.8877805486284289,0.8000000000063053,0.8877805486284289,0.8000000001341536,0.8877805486284289,0.7999999987977404
357,0.8902743142144638,0.8283745830707508,0.8902743142144638,0.8160438798865357,0.8902743142144638,0.8073639628237921,0.8902743142144638,0.8000000000074526,0.8902743142144638,0.8000000001448915,0.8902743142144638,0.7999999993928463
358,0.8927680798004988,0.8295914411905901,0.8927680798004988,0.8169495690975687,0.8927680798004988,0.8078987062490046,0.8927680798004988,0.8000000000085989,0.8927680798004988,0.8000000001500741,0.8927680798004988,0.7999999996580958
359,0.8952618453865336,0.8307981140324407,0.8952618453865336,0.8178519799804017,0.8952618453865336,0.8084334004469187,0.8952618453865336,0.8000000000097461,0.8952618453865336,0.8000000001498963,0.8952618453865336,0.7999999997833118
360,0.8977556109725685,0.8319955638070072,0.8977556109725685,0.818751873724985,0.8977556109725685,0.8089686071444219,0.8977556109725685,0.8000000000108924,0.8977556109725685,0.8000000001448374,0.8977556109725685,0.7999999998518685
361,0.9002493765586035,0.8331847518292701,0.9002493765586035,0.8196500140054114,0.9002493765586035,0.8095048977067251,0.9002493765586035,0.800000000012039,0.9002493765586035,0.8000000001355925,0.9002493765586035,0.7999999998935129
362,0.9027431421446384,0.8343666405563798,0.9027431421446384,0.8205471693882762,0.9027431421446384,0.8100428557626017,0.9027431421446384,0.8000000000131858,0.9027431421446384,0.8000000001230019,0.9027431421446384,0.7999999999205748
363,0.9052369077306733,0.8355421957624605,0.9052369077306733,0.8214441158330388,0.9052369077306733,0.8105830799820889,0.9052369077306733,0.800000000014333,0.9052369077306733,0.8000000001080028,0.9052369077306733,0.7999999999390125
364,0.9077306733167082,0.8367123888611736,0.9077306733167082,0.8223416393019242,0.9077306733167082,0.811126187035072,0.9077306733167082,0.8000000000154798,0.9077306733167082,0.8000000000915336,0.9077306733167082,0.7999999999520755
365,0.9102244389027431,0.8378781993890967,0.9102244389027431,0.8232405384985002,0.9102244389027431,0.8116728147622945,0.9102244389027431,0.8000000000166257,0.9102244389027431,0.8000000000745027,0.9102244389027431,0.7999999999616009
366,0.912718204488778,0.839040617665553,0.912718204488778,0.8241416277561824,0.912718204488778,0.8122236255938009,0.912718204488778,0.8000000000177733,0.912718204488778,0.8000000000577036,0.912718204488778,0.7999999999687284
367,0.9152119700748129,0.8402006476470202,0.9152119700748129,0.8250457401003036,0.9152119700748129,0.8127793102542089,0.9152119700748129,0.8000000000189195,0.9152119700748129,0.8000000000417895,0.9152119700748129,0.7999999999741526
368,0.9177057356608479,0.8413593099976869,0.9177057356608479,0.8259537305102176,0.9177057356608479,0.8133405917989888,0.9177057356608479,0.800000000020066,0.9177057356608479,0.8000000000272811,0.9177057356608479,0.7999999999783728
369,0.9201995012468828,0.8425176454008073,0.9201995012468828,0.8268664794110041,0.9201995012468828,0.8139082300317328,0.9201995012468828,0.8000000000212126,0.9201995012468828,0.8000000000145274,0.9201995012468828,0.7999999999817098
370,0.9226932668329176,0.8436767181398447,0.9226932668329176,0.8277848964281634,0.9226932668329176,0.814483026359103,0.9226932668329176,0.8000000000223594,0.9226932668329176,0.8000000000037277,0.9226932668329176,0.7999999999843804
371,0.9251870324189526,0.8448376199825914,0.9251870324189526,0.8287099244430784,0.9251870324189526,0.815065829148016,0.9251870324189526,0.8000000000235066,0.9251870324189526,0.7999999999949396,0.9251870324189526,0.7999999999865394
372,0.9276807980049875,0.8460014744070424,0.9276807980049875,0.8296425439921077,0.9276807980049875,0.815657539658454,0.9276807980049875,0.800000000024653,0.9276807980049875,0.799999999988116,0.9276807980049875,0.7999999999883114
373,0.9301745635910225,0.847169441213809,0.9301745635910225,0.8305837780580352,0.9301745635910225,0.8162591186361835,0.9301745635910225,0.8000000000257995,0.9301745635910225,0.7999999999831131,0.9301745635910225,0.799999999989776
374,0.9326683291770573,0.8483427215770182,0.9326683291770573,0.831534697310088,0.9326683291770573,0.8168715936617265,0.9326683291770573,0.800000000026946,0.9326683291770573,0.7999999999797194,0.9326683291770573,0.7999999999910012
375,0.9351620947630922,0.8495225635943936,0.9351620947630922,0.8324964258564892,0.9351620947630922,0.8174960673663068,0.9351620947630922,0.8000000000280926,0.9351620947630922,0.7999999999777119,0.9351620947630922,0.7999999999920142
376,0.9376558603491272,0.85071026840722,0.9376558603491272,0.8334701475839835,0.9376558603491272,0.8181337266420822,0.9376558603491272,0.800000000029239,0.9376558603491272,0.799999999976826,0.9376558603491272,0.7999999999928803
377,0.940149625935162,0.851907196973343,0.940149625935162,0.8344571131702108,0.940149625935162,0.8187858529934432,0.940149625935162,0.8000000000303855,0.940149625935162,0.7999999999768266,0.940149625935162,0.7999999999936253
378,0.942643391521197,0.8531147775908187,0.942643391521197,0.8354586478689977,0.942643391521197,0.8194538341984949,0.942643391521197,0.8000000000315328,0.942643391521197,0.7999999999774868,0.942643391521197,0.799999999994263
379,0.9451371571072319,0.8543345142884015,0.9451371571072319,0.8364761601856768,0.9451371571072319,0.820139177476072,0.9451371571072319,0.8000000000326793,0.9451371571072319,0.7999999999786036,0.9451371571072319,0.7999999999948052
380,0.9476309226932668,0.855567996220799,0.9476309226932668,0.8375111515796824,0.9476309226932668,0.8208435243840201,0.9476309226932668,0.8000000000338262,0.9476309226932668,0.7999999999800116,0.9476309226932668,0.7999999999952832
381,0.9501246882793017,0.8568169082348329,0.9501246882793017,0.8385652273568723,0.9501246882793017,0.821568667709639,0.9501246882793017,0.8000000000349724,0.9501246882793017,0.7999999999815763,0.9501246882793017,0.7999999999956973
382,0.9526184538653366,0.8580830428071756,0.9526184538653366,0.839640108943616,0.9526184538653366,0.8223165706539614,0.9526184538653366,0.8000000000361189,0.9526184538653366,0.7999999999831765,0.9526184538653366,0.7999999999960545
383,0.9551122194513716,0.859368313599103,0.9551122194513716,0.8407376477723365,0.9551122194513716,0.8230893886588122,0.9551122194513716,0.800000000037266,0.9551122194513716,0.7999999999847552,0.9551122194513716,0.7999999999963701
384,0.9576059850374065,0.8606747709311814,0.9576059850374065,0.8418598410532853,0.9576059850374065,0.8238894942798279,0.9576059850374065,0.800000000038413,0.9576059850374065,0.7999999999862594,0.9576059850374065,0.7999999999966545
385,0.9600997506234413,0.8620046195562665,0.9600997506234413,0.8430088497644103,0.9600997506234413,0.8247195055712375,0.9600997506234413,0.8000000000395586,0.9600997506234413,0.79999999998764,0.9600997506234413,0.7999999999968992
386,0.9625935162094763,0.8633602392103346,0.9625935162094763,0.8441870192619242,0.9625935162094763,0.825582318519681,0.9625935162094763,0.8000000000407057,0.9625935162094763,0.7999999999888979,0.9625935162094763,0.7999999999971193
387,0.9650872817955112,0.864744208557872,0.9650872817955112,0.8453969030035928,0.9650872817955112,0.8264811441460473,0.9650872817955112,0.8000000000418527,0.9650872817955112,0.7999999999900278,0.9650872817955112,0.7999999999973179
388,0.9675810473815462,0.8661593333395998,0.9675810473815462,0.8466412899904863,0.9675810473815462,0.8274195509865032,0.9675810473815462,0.8000000000429992,0.9675810473815462,0.7999999999910145,0.9675810473815462,0.7999999999974913
389,0.970074812967581,0.8676086798017696,0.970074812967581,0.8479232366787597,0.970074812967581,0.8284015137679315,0.970074812967581,0.8000000000441455,0.970074812967581,0.7999999999918797,0.970074812967581,0.799999999997656
390,0.9725685785536159,0.8690956148823094,0.9725685785536159,0.8492461043019791,0.9725685785536159,0.8294314692088754,0.9725685785536159,0.8000000000452918,0.9725685785536159,0.7999999999926423,0.9725685785536159,0.7999999999977941
391,0.9750623441396509,0.8706238552219289,0.9750623441396509,0.8506136027924847,0.9750623441396509,0.8305143800050908,0.9750623441396509,0.8000000000464386,0.9750623441396509,0.7999999999932956,0.9750623441396509,0.7999999999979205
392,0.9775561097256857,0.8721975279843084,0.9775561097256857,0.8520298428190421,0.9775561097256857,0.8316558081989193,0.9775561097256857,0.8000000000475856,0.9775561097256857,0.7999999999938624,0.9775561097256857,0.7999999999980382
393,0.9800498753117207,0.8738212479290346,0.9800498753117207,0.8534993979006203,0.9800498753117207,0.8328619992829085,0.9800498753117207,0.8000000000487327,0.9800498753117207,0.7999999999943579,0.9800498753117207,0.7999999999981424
394,0.9825436408977556,0.8755002175932302,0.9825436408977556,0.8550273791612406,0.9825436408977556,0.834139978550581,0.9825436408977556,0.8000000000498786,0.9825436408977556,0.7999999999947816,0.9825436408977556,0.7999999999982369
395,0.9850374064837905,0.8772403615821489,0.9850374064837905,0.856619526131955,0.9850374064837905,0.8354976613801808,0.9850374064837905,0.8000000000510252,0.9850374064837905,0.799999999995154,0.9850374064837905,0.7999999999983235
396,0.9875311720698254,0.8790485134088144,0.9875311720698254,0.8582823181993342,0.9875311720698254,0.836943979324317,0.9875311720698254,0.8000000000521725,0.9875311720698254,0.7999999999954782,0.9875311720698254,0.799999999998401
397,0.9900249376558603,0.8809326873512727,0.9900249376558603,0.8600231130291685,0.9900249376558603,0.8384890240870423,0.9900249376558603,0.8000000000533183,0.9900249376558603,0.7999999999957645,0.9900249376558603,0.7999999999984713
398,0.9925187032418953,0.8829024957939481,0.9925187032418953,0.8618503208639081,0.9925187032418953,0.8401442117223649,0.9925187032418953,0.8000000000544659,0.9925187032418953,0.7999999999960178,0.9925187032418953,0.799999999998539
399,0.9950124688279302,0.8849698322362608,0.9950124688279302,0.8637736275175137,0.9950124688279302,0.8419224697286672,0.9950124688279302,0.8000000000556119,0.9950124688279302,0.799999999996237,0.9950124688279302,0.7999999999985983
400,0.997506234413965,0.887150078132038,0.997506234413965,0.8658042850770109,0.997506234413965,0.843838450236568,0.997506234413965,0.8000000000567588,0.997506234413965,0.7999999999964386,0.997506234413965,0.7999999999986536
401,1.0,1.0,1.0,1.0,1.0,1.0,1.0,1.0,1.0,1.0,1.0,1.0
